11-deoxycortisol	Chemical	D003350
1,1-dichloro-2,2,2-trifluoroethane	Chemical	C067411
1-[2-(3,4-dichlorophenyl)ethyl]-4-methylpiperazine	Chemical	C093337
1,2-dimethylhydrazine	Chemical	D019813
1,2-DMH	Chemical	D019813
1-(2-methoxyphenyl)-4-[4-(2-phthalimido)butyl]piperazine	Chemical	C058895
1,3-bis-(2-chloroethyl)-1-nitrosourea	Chemical	D002330
17beta-estradiol	Chemical	D004958
17beta-Estradiol	Chemical	D004958
1-bromo-1-chloro-2,2,2-trifluoroethane	Chemical	D006221
1-chloro-1,2,2,2-tetrafluoroethane	Chemical	C072959
2-acetylaminofluorene	Chemical	D015073
2-chloroprocaine-CE	Chemical	C004616
2-methoxy-4-amino-5-chlorobenzoic acid 2-(diethylamino)ethyl ester	Chemical	C072790
2-methyl-6-(phenylethynyl)pyridine	Chemical	C121465
2PAM	Chemical	D011220
3,4-dihydroxyphenylacetic acid	Chemical	D015102
3,4-methylenedioxymethamphetamine	Chemical	D018817
3alpha-hydroxy-3beta-methyl-5alpha-pregnan-20-one	Chemical	C105051
3alpha-hydroxy-5alpha-pregnan-20-one	Chemical	D011280
3alpha-hydroxy-5beta-pregnan-20-one	Chemical	D011280
3 alpha-tropyl 2-(p-bromophenyl)propionate	Chemical	C087567
3alpha-tropyl 2-(p-bromophenyl)propionate	Chemical	C087567
3-aminopropyl-diethoxy-methyl-phosphinic acid	Chemical	C066430
3-benzenesulfonyl-7-(4-methyl-piperazin-1-yl)1H-indole	Chemical	C507242
[3H]-5-azadeoxycytidine	Chemical	C014347
[3H]-l-arginine	Chemical	D001120
[3H]-L-arginine	Chemical	D001120
3H-TBOB	Chemical	C046308
3-hydroxybutyrate	Chemical	D020155
3MA	Chemical	C025946
3-mercaptopropionic acid	Chemical	D015097
3-methyladenine	Chemical	C025946
3SR,4aRS,6SR,8aRS-6-[phosphonomethyl]decahydr oisoquinoline-3- carboxylic acid	Chemical	C070935
4'-0-tetrahydropyranyladriamycin	Chemical	C027260
4-DAMP	Chemical	C042375
4-diphenylacetoxy-N-methylpiperidine	Chemical	C042375
5 - [2- ( 4- ( 3 - fluorobenzylidene) piperidin-1-yl) ethyl] - 4 -(4-fluorophenyl) thiazole-2-carboxamide	Chemical	C121249
5,5-dimethyl-3-(3-fluorophenyl)-4-(4-methylsulphonyl) phenyl-2(5H)-furanon	Chemical	C106876
5-azacytidine	Chemical	D001374
5-AzC	Chemical	D001374
5-fluorouracil	Chemical	D005472
5-FU	Chemical	D005472
5-HT	Chemical	D012701
5-HTP	Chemical	D006916
5-hydroxytriptamine	Chemical	D012701
5-hydroxytryptamin1A	Chemical	D012701
5-hydroxytryptamine4	Chemical	D012701
5-hydroxytryptamine	Chemical	D012701
5-hydroxytryptophan	Chemical	D006916
6-hydroxydopamine	Chemical	D016627
6-OHDA	Chemical	D016627
8-[(4-amino-l-methylbutyl)amino]- 5-(l-hexyloxy)-6-methoxy-4-methylquinoline	Chemical	C068820
8-aminoquinoline	Chemical	C080436
9-[[2-methoxy-4-[(methylsulphonyl)amino]phenyl]amino] -N,5-dimethyl- 4-acridinecarboxamide	Chemical	C042315
99mTc-glucarate	Chemical	C067171
AAP	Chemical	D000082
AAPH	Chemical	C046728
abdominal pain	Disease	D015746
abnormal audiograms with deficits mostly in the high frequency range of 4,000 to 8,000 Hz	Disease	D006316
Abnormal involuntary movements	Disease	D004409
abnormalities of liver function	Disease	D056486
abnormal liver function	Disease	D056486
abnormal movements	Disease	D004409
Abnormal movements	Disease	D004409
absence epilepsy	Disease	D004832
absence seizure	Disease	D004832
absence seizures	Disease	D004832
ACC-9089	Chemical	C047847
ACEi	Chemical	D000806
ACE inhibitor	Chemical	D000806
ACE inhibitors	Chemical	D000806
acetaldehyde	Chemical	D000079
acetaminophen	Chemical	D000082
Acetaminophen	Chemical	D000082
acetazolamide	Chemical	D000086
Acetazolamide	Chemical	D000086
aceto-acetate	Chemical	C016635
acetylcholine	Chemical	D000109
acetylsalicylic acid	Chemical	D001241
Acetylsalicylic acid	Chemical	D001241
ACh	Chemical	D000109
acidosis	Disease	D000138
acitretin	Chemical	D017255
acne	Disease	D000152
acriflavine	Chemical	D000167
acrodermatitis enteropathica	Disease	C538178
acromegalic	Disease	D000172
acromegaly	Disease	D000172
Acromegaly	Disease	D000172
Actomycin-D	Chemical	D003609
acute alcohol intoxication	Disease	D000435
acute cardiovascular failure	Disease	D002318
acute cholecystitis	Disease	D041881
acute coronary insufficiency	Disease	D054058
acute hepatitis	Disease	D017114
acute hepatitis-like illness	Disease	D056486
acute hepatitis-like syndrome	Disease	D056486
acute leukemia	Disease	D015470
acute liver failure	Disease	D017114
Acute liver failure	Disease	D017114
acute lymphoblastic leucemia	Disease	D054198
acute lymphoblastic leukemia	Disease	D054198
acute myocardial infarction	Disease	D009203
acute nonlymphocytic leukemia	Disease	D015470
acute pain	Disease	D059787
Acute psychosis	Disease	D011605
acute renal dysfunction	Disease	D058186
acute renal failure and hepatic failure	Disease	D058186
acute renal failure	Disease	D058186
acute stroke	Disease	D020521
acute T-lymphocytic leukemia	Disease	D054218
acute tubular necrosis	Disease	D007683
a decrease in MAP, HR, SV, and CO	Disease	D007022
adefovir	Chemical	C053001
adenocarcinoma	Disease	D000230
adenocarcinoma of the liver	Disease	D000230
adenohypophyseal tumors	Disease	D010911
adenoma	Disease	D000236
adenosine	Chemical	D000241
ADHD	Disease	D001289
ADP	Chemical	D000244
ADR	Chemical	D004317
adrenaline	Chemical	D004837
adriamycin	Chemical	D004317
Adriamycin	Chemical	D004317
Adriamycinol	Chemical	C010013
adriamycinone	Chemical	C010012
adverse drug reaction	Disease	D064420
adverse drug reactions	Disease	D064420
adverse effect on the proximal eighth nerve	Disease	D000160
aggression	Disease	D001523
aggressive behavior	Disease	D010554
aggressiveness	Disease	D010554
agitation	Disease	D011595
agoraphobia	Disease	D000379
agranulocytosis	Disease	D000380
Agranulocytosis	Disease	D000380
AHF	Disease	D006478
AIDS	Disease	D000163
airway obstruction	Disease	D000402
akathisia	Disease	D017109
Akathisia	Disease	D017109
akinetic	Disease	D018476
alanine	Chemical	D000409
albuminuria	Disease	D000419
alcohol	Chemical	D000431
ALCOHOL	Chemical	D000431
alcoholic extract of the berries of hawthorn	Chemical	C007145
aldehyde	Chemical	D000079
aldosterone	Chemical	D000450
alendronate	Chemical	D019386
alendronate sodium	Chemical	D019386
ALF	Disease	D017114
alfentanil	Chemical	D015760
alkylating agents	Chemical	D000477
ALL	Disease	D054198
allergic	Disease	D004342
allergic reaction	Disease	D004342
Allergic reaction	Disease	D004342
allergic reactions	Disease	D004342
allergy	Disease	D004342
allopregnanolone	Chemical	D011280
Allopregnanolone	Chemical	D011280
allopurinol	Chemical	D000493
Allopurinol	Chemical	D000493
alopecia	Disease	D000505
Alopecia	Disease	D000505
a loss of visual acuity	Disease	D014786
alpha,beta-meATP	Chemical	C002630
alpha,beta-methylene adenosine-5'-triphosphate	Chemical	C002630
alpha-lipoic acid	Chemical	D008063
Alpha-lipoic acid	Chemical	D008063
alpha-methyldopa	Chemical	D008750
alpha-methyltyrosine	Chemical	D019805
alpha-TAc	Chemical	D024502
alpha-T	Chemical	D024502
alpha-tocopherol acetate	Chemical	D024502
alpha-tocopherol	Chemical	D024502
alprazolam	Chemical	D000525
Alprazolam	Chemical	D000525
Alzheimer's disease	Disease	D000544
amantadine	Chemical	D000547
Amantadine	Chemical	D000547
amantadine hydrochloride	Chemical	D000547
AmB	Chemical	D000666
AMCA	Chemical	D014148
amenorrhea	Disease	D000568
AMI	Chemical	D000638
amifostine	Chemical	D004999
Amifostine	Chemical	D004999
amikacin	Chemical	D000583
amiloride	Chemical	D000584
Amiloride	Chemical	D000584
amine	Chemical	D000588
amines	Chemical	D000588
amino acid	Chemical	D000596
aminoaciduria	Disease	D000608
aminoglycoside	Chemical	D000617
Aminoglycoside	Chemical	D000617
aminoglycosides	Chemical	D000617
aminophylline	Chemical	D000628
amiodarone	Chemical	D000638
Amiodarone	Chemical	D000638
amitriptyline	Chemical	D000639
amnesia	Disease	D000647
Amnesia	Disease	D000647
amnesic	Disease	D000647
amoxicillin	Chemical	D000658
amoxicillin-clavulanic acid	Chemical	D019980
AMP	Chemical	D000667
amphetamine abuse	Disease	D019969
amphetamine	Chemical	D000661
amphotericin B	Chemical	D000666
amphotericin	Chemical	D000666
ampicillin	Chemical	D000667
amsacrine	Chemical	D000677
amyloid beta peptide(1-42)	Chemical	C544092
anaphylaxis	Disease	D000707
Anaphylaxis	Disease	D000707
anemia	Disease	D000740
anencephaly	Disease	D000757
Anencephaly	Disease	D000757
aneurysmal rupture	Disease	D017542
aneurysm	Disease	D000783
aneurysms	Disease	D000783
Angina	Disease	D000787
angina pectoris	Disease	D000787
angioedema	Disease	D000799
Angioedema	Disease	D000799
angioneurotic edema	Disease	D000799
angiopathy	Disease	D001018
Angiosarcoma	Disease	D006394
Angiosarcoma of the liver	Disease	D006394
angiotensin	Chemical	D000809
Angiotensin	Chemical	D000809
angiotensin-converting enzyme (ACE) inhibitor	Chemical	D000806
angiotensin converting enzyme (ACE) inhibitors	Chemical	D000806
angiotensin II	Chemical	D000804
angiotensin-releasing blocker	Chemical	D057911
Angiotension II	Chemical	D000804
anophthalmia	Disease	D000853
anorexia	Disease	D000855
anthracycline	Chemical	D018943
anthracyclines	Chemical	D018943
Anthracyclines	Chemical	D018943
antidepressant	Chemical	D000928
Antidepressant	Chemical	D000928
antidepressants	Chemical	D000928
antiphospholipid syndrome	Disease	D016736
antithymocyte globulin	Chemical	D000961
Antithymocyte globulin	Chemical	D000961
Antituberculosis	Chemical	D000995
anuria	Disease	D001002
anxiety	Disease	D001008
anxiety neurosis	Disease	D001008
aortic regurgitation	Disease	D001022
Apamin	Chemical	D001030
aplastic anaemia	Disease	D000741
aplastic anemia	Disease	D000741
apnea	Disease	D001049
apnoea	Disease	D001049
apomorphine	Chemical	D001058
Apomorphine	Chemical	D001058
aponidine hydrochloride	Chemical	C016986
appetite suppressant	Chemical	D001067
appetite suppressants	Chemical	D001067
appetite-suppressants	Chemical	D001067
apraclonidine	Chemical	C016986
AraG	Chemical	C104457
ARB	Chemical	D057911
a reduced locomotor activity	Disease	D001523
argatroban	Chemical	C031942
Argentine hemorrhagic fever	Disease	D006478
arginine vasopressin	Chemical	D001127
aripiprazole	Chemical	C094645
arrhythmia	Disease	D001145
arrhythmias	Disease	D001145
arterial hypotension	Disease	D007022
arterial injury	Disease	D014652
arteriopathic	Disease	D014652
arteriovenous malformations	Disease	D001165
artery calcification	Disease	D061205
arthralgias	Disease	D018771
arthritis	Disease	D001168
arthrogryposis	Disease	D001176
ASA	Chemical	D001241
ascites	Disease	D001201
asenapine	Chemical	C522667
Asenapine	Chemical	C522667
aspartate	Chemical	D001224
aspirin	Chemical	D001241
asterixis	Disease	D020820
astrocytomas	Disease	D001254
asystole	Disease	D006323
ataxia	Disease	D001259
ataxic movements	Disease	D001259
atazanavir	Chemical	C413408
atherosclerosis	Disease	D050197
Atherosclerosis	Disease	D050197
atherosclerotic	Disease	D050197
atherosclerotic lesion	Disease	D050197
atherosclerotic obstruction	Disease	D050197
Ato	Chemical	C065179
atorvastatin	Chemical	C065179
Atorvastatin	Chemical	C065179
ATP	Chemical	D000255
Atracurium besylate	Chemical	D001279
atracurium	Chemical	D001279
atrial fibrillation	Disease	D001281
Atrial fibrillation	Disease	D001281
Atrial Fibrillation	Disease	D001281
atrial flutter	Disease	D001282
atrial septal defects	Disease	D006344
atrial tachycardia	Disease	D013617
atrio-ventricular dissociation	Disease	D006327
atrioventricular reentrant tachycardia	Disease	D013611
atrophy	Disease	D001284
atropine	Chemical	D001285
Atropine	Chemical	D001285
atropine sulfate	Chemical	D001285
attention-deficit/hyperactivity disorder	Disease	D001289
Atypical sensations	Disease	D010292
audiovisual toxicity	Disease	D014786
auditory abnormality	Disease	D006311
auditory dysfunction	Disease	D006311
auditory neurotoxicity	Disease	D006311
Auditory toxicity	Disease	D006311
autism	Disease	D001321
Autism	Disease	D001321
autism spectrum disorders	Disease	D002659
autoimmune hemolytic anemia	Disease	D000744
autoimmunity	Disease	D001327
autonomic neuropathy	Disease	D009422
avascular necrosis	Disease	D010020
AV block	Disease	D054537
AVP	Chemical	D001127
AVRT	Disease	D013611
AX	Chemical	D000658
axonal damage	Disease	D001480
axonal injury	Disease	D001480
azathioprine	Chemical	D001379
Azathioprine	Chemical	D001379
azidothymidine	Chemical	D015215
Azidothymidine	Chemical	D015215
azithromycin	Chemical	D017963
AZT	Chemical	D015215
bad breath	Disease	D012120
basal cell carcinoma	Disease	D002280
Basd  ne	Chemical	C019269
BCC	Chemical	D001640
BCNU	Chemical	D002330
BD1008	Chemical	C085527
BD1063	Chemical	C093337
BE	Chemical	C005618
behavioral abnormalities	Disease	D001523
behavioral cross-sensitization	Disease	D006948
behavioral depression	Disease	D011596
behavioral deterioration	Disease	D002653
behavioral disorder	Disease	D002653
behavioral impairment	Disease	D001523
benzo[a]-pyrene	Chemical	D001564
benzodiazepine	Chemical	D001569
benzodiazepines	Chemical	D001569
benzoylecgonine	Chemical	C005618
benzylpenicillin	Chemical	D010400
benzylthiouracil	Chemical	C019269
Benzylthiouracil	Chemical	C019269
bepridil	Chemical	D015764
beta-carboline	Chemical	C036150
beta-CCM	Chemical	C036150
beta lactam	Chemical	D047090
beta-lactam	Chemical	D047090
beta-thalassemia	Disease	D017086
beta-thalassemic	Disease	D017086
betaxolol	Chemical	D015784
bicuculline	Chemical	D001640
bile duct hamartoma	Disease	D001650
Bile duct hamartoma	Disease	D001650
biliary pseudolithiasis	Disease	D001660
bilirubin	Chemical	D001663
bipolar depression	Disease	D001714
bipolar	Disease	D001714
bipolar disorder	Disease	D001714
bipolar I	Disease	D001714
bipolar I disorder	Disease	D001714
bipolar II	Disease	D001714
birth defect	Disease	D000014
birth defects	Disease	D000014
Birth Defects	Disease	D000014
bisbenzylisoquinoline	Chemical	D044182
bisphosphonate	Chemical	D004164
bisphosphonates	Chemical	D004164
biventricular dysfunction	Disease	D018754
bladder cancer	Disease	D001749
bladder carcinoma	Disease	D001749
bladder carcinomas	Disease	D001749
bladder damage	Disease	D001745
bladder tumors	Disease	D001749
bleeding	Disease	D006470
bleomycin	Chemical	D001761
blood coagulation	Disease	D001778
blood dyscrasias	Disease	D006402
blood nitrogen urea	Chemical	D001806
blood urea nitrogen	Chemical	D001806
blurred vision	Disease	D014786
bone marrow depression	Disease	D001855
bone marrow necrosis	Disease	D001855
bone marrow oedema	Disease	D001855
bone marrow suppression	Disease	D001855
BP reduction	Disease	D007022
brachial neuritis	Disease	D020968
brachial plexitis	Disease	D020968
bradyarrhythmias	Disease	D001919
bradycardia	Disease	D001919
Bradycardia	Disease	D001919
bradykinin	Chemical	D001920
Bradykinin	Chemical	D001920
brain damage	Disease	D001925
breast cancer	Disease	D001943
breast carcinoma	Disease	D001943
bromocriptine	Chemical	D001971
Bromocriptine	Chemical	D001971
bromperidol	Chemical	C006820
bronchio-alveolar carcinoma	Disease	D002282
bronchitis	Disease	D001991
bronchospasm	Disease	D001986
bruising	Disease	D003288
bumetanide	Chemical	D002034
bundle branch block	Disease	D002037
bupivacaine	Chemical	D002045
bupropion	Chemical	D016642
Bupropion	Chemical	D016642
bupropion hydrochloride	Chemical	D016642
busulfan	Chemical	D002066
Busulfan	Chemical	D002066
BZDs	Chemical	D001569
CAA	Chemical	C004656
Ca	Chemical	D002118
CaCl(2)	Chemical	D002122
CaCl2	Chemical	D002122
caffeine	Chemical	D002110
Caffeine	Chemical	D002110
calcification	Disease	D002114
calcification of the artery	Disease	D061205
calcitonin	Chemical	D002116
Calcitonin	Chemical	D002116
calcitonin gene-related peptide	Chemical	D015740
calcium	Chemical	D002118
Calcium	Chemical	D002118
calcium chloride	Chemical	D002122
calcium gluconate	Chemical	D002125
calculus	Disease	D002137
callosal lesion	Disease	D001927
cancer	Disease	D009369
Cancer	Disease	D009369
cancer of the renal pelvis and bladder	Disease	D007680
cancer of the renal pelvis, ureter or bladder	Disease	D007680
cancer of the ureter	Disease	D014516
cancers	Disease	D009369
CAN	Disease	D007674
cannabis	Chemical	D002188
capecitabine	Chemical	C110904
Capecitabine	Chemical	C110904
capsaicin	Chemical	D002211
Capsaicin	Chemical	D002211
captopril	Chemical	D002216
Captopril	Chemical	D002216
carbachol	Chemical	D002217
Carbachol	Chemical	D002217
carbamazepine	Chemical	D002220
Carbamazepine	Chemical	D002220
carbamylcholin	Chemical	D002217
carbidopa	Chemical	D002230
carbidopa/levodopa	Chemical	C009265
carbimazole	Chemical	D002231
carbon dioxide	Chemical	D002245
carbon monoxide	Chemical	D002248
carbon tetrachloride	Chemical	D002251
carboplatin	Chemical	D016190
carcinogenesis	Disease	D063646
carcinoma	Disease	D002277
carcinoma of the bladder	Disease	D001749
carcinoma of the oral cavity	Disease	D009062
cardiac and renal lesions	Disease	D006331
cardiac arrest	Disease	D006323
cardiac arrhythmia	Disease	D001145
cardiac arrhythmias	Disease	D001145
Cardiac arrhythmias	Disease	D001145
cardiac asystole	Disease	D006323
cardiac damage	Disease	D006331
cardiac disease	Disease	D006331
cardiac disorders	Disease	D006331
cardiac disturbances	Disease	D006331
cardiac dysfunction	Disease	D006331
cardiac dysrhythmias	Disease	D001145
cardiac hypertrophy	Disease	D006332
cardiac infarction	Disease	D009203
cardiac malformations	Disease	D006331
cardiac morphological alterations	Disease	D009202
cardiac remodelling	Disease	D020257
cardiac tamponade	Disease	D002305
cardiac toxicity	Disease	D066126
Cardiac toxicity	Disease	D066126
cardiomegaly	Disease	D006332
cardiomyopathy	Disease	D009202
Cardiomyopathy	Disease	D009202
cardiorespiratory arrest	Disease	D006323
cardiotoxic	Disease	D066126
cardiotoxicity	Disease	D066126
cardiovascular alterations	Disease	D018376
Cardiovascular alterations	Disease	D018376
cardiovascular and gastrointestinal systems	Disease	D002318
cardiovascular complications	Disease	D002318
Cardiovascular complications	Disease	D002318
cardiovascular disease	Disease	D002318
cardiovascular malformations	Disease	D018376
cardiovascular toxicities	Disease	D002318
caries	Disease	D003731
carious episodes	Disease	D003731
carious lesions	Disease	D003731
carmofur	Chemical	C017367
Carmofur	Chemical	C017367
catalepsy	Disease	D002375
Catalepsy	Disease	D002375
cataract	Disease	D002386
cataracts	Disease	D002386
catecholamine	Chemical	D002395
Catecholamine	Chemical	D002395
catecholamines	Chemical	D002395
cauda equina syndrome	Disease	D011128
Cauda equina syndrome	Disease	D011128
CBZ	Chemical	D002220
CC	Chemical	D002996
CCl4	Chemical	D002251
cefazedone	Chemical	C021341
cefonicid	Chemical	D015790
ceftriaxone	Chemical	D002443
Ceftriaxone	Chemical	D002443
Central nervous system (CNS) complications	Disease	D002493
Central nervous system complications	Disease	D002493
cephalosporin	Chemical	D002511
Cephalosporin	Chemical	D002511
cephalosporins	Chemical	D002511
cephalothin	Chemical	D002512
cephalothin sodium	Chemical	D002512
cerebellar atrophy	Disease	D002526
cerebellar disorders	Disease	D002526
cerebellum damage	Disease	D002526
cerebral aneurysm	Disease	D002532
cerebral aneurysms	Disease	D002532
cerebral edema	Disease	D001929
cerebral haemorrhage	Disease	D002543
Cerebral haemorrhage	Disease	D002543
cerebral haemorrhages	Disease	D002543
cerebral hypoxia	Disease	D002534
cerebral infarction	Disease	D002544
Cerebral infarction	Disease	D002544
cerebral ischaemia	Disease	D002545
cerebral vasculitis	Disease	D020293
Cerebral vasculitis	Disease	D020293
CFCs	Chemical	D017402
CGRP	Chemical	D015740
charcoal	Chemical	D002606
CHC	Disease	D019698
chest pain	Disease	D002637
chest wall rigidity	Disease	D009127
CHF	Disease	D006333
chlorambucil	Chemical	D002699
chlorhexidine-digluconate	Chemical	C010882
chlormethiazole	Chemical	D002719
chloroacetaldehyde	Chemical	C004656
Chloroacetaldehyde	Chemical	C004656
chlorofluorocarbons	Chemical	D017402
chloroquine	Chemical	D002738
chlorpromazine	Chemical	D002746
choanal atresia	Disease	D002754
cholecystitis	Disease	D002764
cholestasis	Disease	D002779
cholestatic	Disease	D002779
cholestatic disease	Disease	D002779
cholestatic hepatitis	Disease	D002779
Cholestatic hepatitis	Disease	D002779
cholestatic syndrome	Disease	D002779
cholesterol	Chemical	D002784
cholesteryl ester	Chemical	D002788
cholesteryl esters	Chemical	D002788
choline	Chemical	D002794
Choreatiform hyperkinesias	Disease	D002819
choreoathetoid movements	Disease	D002819
Choreoathetoid movements	Disease	D002819
choriocarcinoma	Disease	D002822
chorioretinal atrophy	Disease	C566236
chronic active (aggressive) hepatitis	Disease	D006521
chronic active hepatitis	Disease	D006521
Chronic active hepatitis	Disease	D006521
chronic airflow obstruction	Disease	D029424
chronic allograft nephropathy	Disease	D051436
chronically infected with hepatitis C virus	Disease	D019698
chronic hepatitis C	Disease	D019698
chronic kidney disease	Disease	D051436
chronic obstructive pulmonary disease	Disease	D029424
chronic pain	Disease	D059350
chronic renal damage	Disease	D051436
chronic renal failure	Disease	D007676
chronic renal insufficiency	Disease	D051436
CI-921	Chemical	C042315
CIMD	Disease	D019970
cimetidine	Chemical	D002927
Cimetidine	Chemical	D002927
cinacalcet	Chemical	C476217
cinacalcet HCl	Chemical	C476217
ciprofloxacin	Chemical	D002939
circulatory failure	Disease	D012769
cirrhosis	Disease	D005355
cirrhosis of the liver	Disease	D008103
cisapride	Chemical	D020117
cis-platin	Chemical	D002945
cisplatin	Chemical	D002945
Cisplatin	Chemical	D002945
cisplatinum	Chemical	D002945
citalopram	Chemical	D015283
citrate	Chemical	C102006
clavulanic acid	Chemical	D019818
clear cell adenocarcinoma	Disease	D018262
clear cell adenocarcinoma of the vagina	Disease	D018262
cleft lip	Disease	D002971
cleft palate	Disease	D002972
clioquinol	Chemical	D007464
clomiphene	Chemical	D002996
clomiphene citrate	Chemical	D002996
clomipramine	Chemical	D002997
Clomipramine	Chemical	D002997
clonic fits	Disease	D012640
clonidine	Chemical	D003000
Clonidine	Chemical	D003000
clopidogrel	Chemical	C055162
Clopidogrel	Chemical	C055162
clotiazepam	Chemical	C084599
Clotiazepam	Chemical	C084599
clozapine	Chemical	D003024
clumsiness	Disease	D001259
cluster headache	Disease	D003027
Cluster headache	Disease	D003027
CM	Disease	D009202
CNS damage	Disease	D009422
CO2	Chemical	D002245
coagulopathy	Disease	D001778
coarctation of the aorta	Disease	D001017
cocaine abuse	Disease	D019970
cocaine addiction	Disease	D019970
cocaine	Chemical	D003042
Cocaine	Chemical	D003042
cocaine overdose	Disease	D062787
coccidioidomycosis	Disease	D003047
cognitive and functional deficits	Disease	D003072
cognitive and functional impairments	Disease	D003072
cognitive decline	Disease	D003072
cognitive deficits	Disease	D003072
cognitive dysfunction	Disease	D003072
cognitive dysfunctions	Disease	D003072
cognitive impairment	Disease	D003072
cognitive, motivational, or creative deficits	Disease	D003072
colistin	Chemical	D003091
colorectal, breast and head and neck cancers	Disease	D015179
colorectal, breast, pancreaticobiliary, gastric, renal cell and head and neck cancers	Disease	D015179
coma	Disease	D003128
comatose	Disease	D003128
combination of amoxicillin and clavulanic acid	Chemical	D019980
compartment syndrome	Disease	D003161
compression neuropathy	Disease	D009408
Compression neuropathy of the radial nerve	Disease	D009408
confusion	Disease	D003221
Confusion	Disease	D003221
congenital anomalies	Disease	D000013
congestive heart failure	Disease	D006333
coniine	Chemical	C007112
Coniine	Chemical	C007112
Conjunctival blanching	Disease	D003229
conjunctivitis	Disease	D003231
connective tissue disorders	Disease	D003240
constipating	Disease	D003248
constipation	Disease	D003248
contracture	Disease	D003286
contrast medium	Chemical	D003287
convulsants	Disease	D012640
convulsion	Disease	D012640
convulsions	Disease	D012640
convulsive	Disease	D012640
cord damage	Disease	D013118
corneal abrasion	Disease	D003316
coronary aneurysm	Disease	D003323
Coronary aneurysm	Disease	D003323
coronary arterial stenosis	Disease	D023921
coronary artery disease	Disease	D003324
coronary heart disease	Disease	D003327
coronary occlusion	Disease	D054059
coronary spasm	Disease	D003329
cor pulmonale	Disease	D011660
cortical laminar necrosis	Disease	D001927
corticosteroids	Chemical	D000305
corticosterone	Chemical	D003345
cortisol	Chemical	D006854
co-trimoxazole	Chemical	D015662
CP 93129	Chemical	C065046
CPA	Chemical	C048599
CPA	Chemical	D017373
CPM	Chemical	D003520
cranial hemorrhage	Disease	D002543
cranial nerve deficits	Disease	D003389
cranial nerve dysfunction	Disease	D003389
cranial neuropathy	Disease	D003389
Crataegus oxycantha	Chemical	C007145
Cr	Chemical	D002857
creatine	Chemical	D003401
creatinine	Chemical	D003404
CRF	Disease	D007676
critically ill	Disease	D016638
Crohn's disease	Disease	D003424
CsA	Chemical	D016572
cuprolinic blue	Chemical	C015445
curcumin	Chemical	D003474
Curcumin	Chemical	D003474
Cushing's syndrome	Disease	D003480
cutis verticis gyrata	Disease	C535610
CyA	Chemical	D016572
cyanosis	Disease	D003490
CY	Chemical	D003520
cyclic nucleotide	Chemical	D009712
cycloheximide	Chemical	D003513
cyclophosphamide	Chemical	D003520
Cyclophosphamide	Chemical	D003520
cyclosporin A	Chemical	D016572
cyclosporin	Chemical	D016572
cyclosporine A	Chemical	D016572
cyclosporine	Chemical	D016572
Cyclosporine	Chemical	D016572
cyproterone acetate	Chemical	D017373
Cyproterone acetate	Chemical	D017373
cystic renal diseases	Disease	D052177
cystitis	Disease	D003556
cytopenia	Disease	D006402
cytopenias	Disease	D006402
cytosine	Chemical	D003596
dacarbazine	Chemical	D003606
DA	Chemical	D004298
DA	Chemical	D018491
d-amphetamine	Chemical	D003913
danazol	Chemical	D003613
dapsone	Chemical	D003622
Dapsone	Chemical	D003622
Daucus carota extract	Chemical	D010936
daunorubicin	Chemical	D003630
daytime sleepiness	Disease	D012893
DBP reduction	Disease	D007022
DCE	Chemical	D010936
ddI	Chemical	D016049
deafness	Disease	D003638
death	Disease	D003643
Death	Disease	D003643
deaths	Disease	D003643
debrisoquine	Chemical	D003647
decline of cognitive function	Disease	D003072
declines in simple and sustained attention, working memory, and verbal memory	Disease	D003072
decreased appetite	Disease	D001068
decreased basal ganglia perfusion	Disease	D001480
decreased cardiac output	Disease	D002303
decreased thymus (P < 0.001) and bodyweights	Disease	D015431
decrease in arterial blood pressure	Disease	D007022
decreases in arterial blood pressure and cardiac output	Disease	D007022
decreases in arterial blood pressure	Disease	D007022
Decreases in systolic blood pressure	Disease	D007022
deferoxamine	Chemical	D003676
deficit of associative memory	Disease	D008569
deficits in communication and social skills	Disease	D003147
Deficits in learning and memory	Disease	D007859
deformations	Disease	D009140
degeneration of myelin and axons	Disease	D003711
dehydration	Disease	D003681
Delayed free recall was also impaired	Disease	D008569
delirium	Disease	D003693
Delirium	Disease	D003693
delta 9-tetrahydrocannabinol	Chemical	D013759
dementia	Disease	D003704
demyelinating disorder	Disease	D003711
deoxycorticosterone	Chemical	D003900
depressed	Disease	D003866
depressed mood	Disease	D003866
Depressed mood	Disease	D003866
depression	Disease	D003866
Depression	Disease	D003866
depressions	Disease	D003866
depressive	Disease	D003866
depressive disorder	Disease	D003866
depressive disorders	Disease	D003866
depressive illness	Disease	D003866
depressive symptoms	Disease	D003866
dermatitis	Disease	D003872
des Arg10 HOE 140	Chemical	C078665
des-Arg10HOE 140	Chemical	C078665
desaturation	Disease	D001049
DES	Chemical	D004054
desferrioxamine	Chemical	D003676
Desferrioxamine	Chemical	D003676
desipramine	Chemical	D003891
Desipramine	Chemical	D003891
desipramine HCl	Chemical	D003891
desogestrel	Chemical	D017135
deterioration of cognitive functions	Disease	D003072
dexamethasone	Chemical	D003907
Dexamethasone	Chemical	D003907
dex	Chemical	D003907
Dex	Chemical	D003907
dextran	Chemical	D003911
dextromethorphan	Chemical	D003915
DFO	Chemical	D003676
DFP	Chemical	D007531
DFU	Chemical	C106876
diabetes	Disease	D003920
diabetes insipidus	Disease	D003919
diabetes-insipidus-like syndrome	Disease	D003919
diabetes mellitus	Disease	D003920
Diabetes mellitus	Disease	D003920
diabetic and toxic neuropathy	Disease	D003929
diabetic autonomic neuropathy	Disease	D003929
diabetic	Disease	D003920
Diabetic	Disease	D003920
diabetic hyperalgesia	Disease	D006930
diabetic nephropathy	Disease	D003928
diabetic neuropathy	Disease	D003929
diabetic (streptozotocin-induced) and toxic (vincristine-induced) neuropathy	Disease	D003929
diaphragmatic hernia	Disease	D006548
diarrhea	Disease	D003967
diarrhoea	Disease	D003967
diazepam	Chemical	D003975
Diazepam	Chemical	D003975
diclofenac	Chemical	D004008
diclofenac sodium	Chemical	D004008
Diclofenac sodium	Chemical	D004008
dicyclomine	Chemical	D004025
didanosine	Chemical	D016049
diethylstilbestrol	Chemical	D004054
dihydrouracil	Chemical	C007419
diisopropylfluorophosphate	Chemical	D007531
dilated cardiomyopathy	Disease	D002311
diltiazem	Chemical	D004110
di-o-tolylguanidine	Chemical	C050232
diphenhydramine	Chemical	D004155
diplopia	Disease	D004172
dipyridamole	Chemical	D004176
Dipyridamole	Chemical	D004176
Diseases of peripheral nerves	Disease	D010523
dislocation	Disease	D004204
disorder of neuromuscular transmission	Disease	D020511
disorders of the central nervous system	Disease	D002493
disorientation	Disease	D003221
disruptive behaviors	Disease	D019958
disturbances of sleep-wake rhythm	Disease	D012893
disulfiram	Chemical	D004221
Disulfiram	Chemical	D004221
divalproex sodium	Chemical	D014635
dizocilpine	Chemical	D016291
dizocilpine maleate	Chemical	D016291
dizziness	Disease	D004244
Dizziness	Disease	D004244
DL-Threo-dihydroxyphenylserine	Chemical	D015103
DMCM	Chemical	C034818
DNR	Chemical	D003630
dobutamine	Chemical	D004280
Dobutamine	Chemical	D004280
docetaxel	Chemical	C067311
domperidone	Chemical	D004294
DOPAC	Chemical	D015102
dopamine agonist	Chemical	D018491
dopamine	Chemical	D004298
Dopamine	Chemical	D004298
dopaminergic terminal damage	Disease	D009422
Dormex	Chemical	D003484
dothiepin	Chemical	D004308
Dothiepin	Chemical	D004308
dothiepin hydrochloride	Chemical	D004308
DOX	Chemical	D004317
doxorubicin	Chemical	D004317
Doxorubicin	Chemical	D004317
D-pen	Chemical	D010396
D-penicillamine	Chemical	D010396
drowsiness	Disease	D006970
Drowsiness	Disease	D006970
drug abuse	Disease	D019966
drug dependence	Disease	D019966
drug dependency	Disease	D019966
drug-induced allergic reaction	Disease	D004342
drug-induced hepatitis	Disease	D056486
Drug-induced parkinsonism	Disease	D010302
drug toxicity	Disease	D064420
dry mouth	Disease	D014987
DSM-IV bipolar I	Disease	D001714
DTG	Chemical	C050232
DTIC	Chemical	D003606
Duchenne dystrophy	Disease	D020388
Dup 753	Chemical	D019808
Dupuytren's contracture	Disease	D004387
dyazide	Chemical	C020743
dysarthria	Disease	D004401
dyskinesia	Disease	D004409
dyskinesias	Disease	D004409
dyskinetic movements	Disease	D004409
dysphonia	Disease	D055154
dyspnea	Disease	D004417
dyspnoea	Disease	D004417
dystonia	Disease	D004421
E2	Chemical	D004958
E4031	Chemical	C063968
eating disorders	Disease	D001068
Eating disorders	Disease	D001068
Ebstein's anomaly	Disease	D004437
ecstasy	Chemical	D018817
Ecstasy	Chemical	D018817
edema	Disease	D004487
EE	Chemical	D004997
Ehrlich ascites tumor	Disease	D002286
elevated blood pressures	Disease	D006973
embolic events	Disease	D004617
embolism	Disease	D004617
emesis	Disease	D014839
enalapril	Chemical	D004656
Enalapril	Chemical	D004656
encephalopathy	Disease	D001927
Encephalopathy	Disease	D001927
endocrine disorder	Disease	D004700
endometrial cancer	Disease	D016889
endometrial hyperplasia	Disease	D004714
endometrial hyperplasia or cancer	Disease	D004714
endophthalmitis	Disease	D009877
Endophthalmitis	Disease	D009877
endothelial injury	Disease	D014947
end-stage renal disease	Disease	D007676
End-stage renal disease	Disease	D007676
enflurane	Chemical	D004737
enlargement of the liver	Disease	D006529
entropion	Disease	D004774
enuresis	Disease	D004775
eosinophilia	Disease	D004802
EP	Chemical	D004837
ephedrine	Chemical	D004809
epilepsy	Disease	D004827
epileptic	Disease	D004827
epileptic seizures	Disease	D004827
Epileptic seizures	Disease	D004827
epinephrine	Chemical	D004837
Epinephrine	Chemical	D004837
EPS	Disease	D001480
erectile dysfunction	Disease	D007172
Erectile Dysfunction	Disease	D007172
ergotamine	Chemical	D004878
erythema multiforme	Disease	D004892
Erythema multiforme	Disease	D004892
erythroderma	Disease	D003873
erythromycins	Chemical	D004917
escitalopram	Chemical	D015283
esophageal carcinoma	Disease	D004938
esophageal squamous cell carcinoma	Disease	C562729
ESRD	Disease	D007676
estradiol- and testosterone esters	Chemical	C032109
estradiol	Chemical	D004958
Estradiol	Chemical	D004958
estrogen	Chemical	D004967
ethanol	Chemical	D000431
ethinyl estradiol	Chemical	D004997
ethosuximide	Chemical	D005013
etoposide	Chemical	D005047
Etoposide	Chemical	D005047
everolimus	Chemical	C107135
exanthema	Disease	D005076
excessive flexion or extension of one or more toes	Disease	D009140
exencephalic	Disease	D009436
exencephaly	Disease	D009436
extensive hepatocellular necrosis	Disease	D047508
extract of Daucus carota seeds	Chemical	D010936
extrahepatic cholestasis	Disease	D001651
extrapyramidal concomitant symptoms	Disease	D001480
extrapyramidal signs	Disease	D001480
extrapyramidal symptoms	Disease	D001480
Extrapyramidal symptoms	Disease	D001480
ezetimibe	Chemical	C108606
Ezetimibe	Chemical	C108606
FAN	Chemical	C060802
Fanconi's syndrome	Disease	D005198
Fanconi syndrome	Disease	D005198
FANFT	Chemical	D005200
fangchinoline	Chemical	C060802
fasciculation	Disease	D005207
fasciculations	Disease	D005207
Fasciculations	Disease	D005207
fatigue	Disease	D005221
fatty change	Disease	D005234
febrile illness	Disease	D005334
femoral nerve palsy	Disease	D020428
fenfluramines	Chemical	D005277
fentanyl	Chemical	D005283
Fentanyl	Chemical	D005283
fever	Disease	D005334
fibrosis	Disease	D005355
fibrous myopathy	Disease	D005355
Fibrous myopathy	Disease	D005355
fistula	Disease	D005402
fits	Disease	D012640
FK 506	Chemical	D016559
FK506	Chemical	D016559
FLA-63	Chemical	D005406
FL	Chemical	D005442
flestolol	Chemical	C047847
Flestolol	Chemical	C047847
Flumazenil	Chemical	D005442
flunitrazepam	Chemical	D005445
Flunitrazepam	Chemical	D005445
fluorescein	Chemical	D019793
fluorescein sodium	Chemical	D019793
fluoroacetate	Chemical	D005463
fluorocitrate	Chemical	C007744
fluoroquinolone	Chemical	D024841
fluoxetine	Chemical	D005473
Fluoxetine	Chemical	D005473
fluphenazine	Chemical	D005476
flurbiprofen	Chemical	D005480
Flurbiprofen	Chemical	D005480
flushing	Disease	D005483
flushing of the face	Disease	D005483
flutamide	Chemical	D005485
fluvastatin	Chemical	C065180
focal glomerulosclerosis	Disease	D005923
focal segmental glomerulosclerosis	Disease	D005923
folate	Chemical	D005492
Folate	Chemical	D005492
folic acid	Chemical	D005492
folinic acid	Chemical	D002955
foot deformities	Disease	D005530
forestomach tumors	Disease	D013274
FR 139317	Chemical	C079574
fracture	Disease	D050723
fractures	Disease	D050723
frontal lobe syndrome	Disease	D001927
fucoidan	Chemical	C007789
Fucoidan	Chemical	C007789
fulminant hepatic failure	Disease	D017114
fulminant hepatitis	Disease	D017114
functional impairments	Disease	D003072
fungal infection	Disease	D009181
furosemide	Chemical	D005665
fusidic acid	Chemical	D005672
Fusidic acid	Chemical	D005672
GABA	Chemical	D005680
gabapentin	Chemical	C040029
Galanthamine hydrobromide	Chemical	D005702
gallbladder disease	Disease	D005705
gallbladder dysfunction	Disease	D005705
gall bladder stones	Disease	D042882
gall stone	Disease	D042882
gallstone	Disease	D042882
gall stone disease	Disease	D042882
gall stones	Disease	D042882
gallstones	Disease	D042882
gamma-aminobutyric acidB	Chemical	D005680
gamma-aminobutyric acid	Chemical	D005680
gamma benzene hexachloride	Chemical	D001556
gamma-carboxyglutamate	Chemical	D015055
gamma-carboxylated	Chemical	D015055
gamma-HCH	Chemical	D001556
gamma-hexachlorocyclohexane	Chemical	D001556
Gamma-hexachlorocyclohexane	Chemical	D001556
gamma-vinyl GABA	Chemical	D020888
gamma-Vinyl GABA	Chemical	D020888
ganaxolone	Chemical	C105051
gangrene	Disease	D005734
gastric adenocarcinoma	Disease	D013274
gastric hemorrhage	Disease	D006471
gastric hemorrhagic	Disease	D006471
Gastrointestinal bleed	Disease	D006471
gastrointestinal disorder	Disease	D005767
gastrointestinal disorders	Disease	D005767
gastrointestinal (GI) bleeding	Disease	D006471
gastrointestinal problems	Disease	D012817
gastrointestinal symptoms	Disease	D012817
GEM	Chemical	C056507
gemcitabine	Chemical	C056507
Gemcitabine	Chemical	C056507
gemfibrozil	Chemical	D015248
generalized seizures	Disease	D012640
gentamicin	Chemical	D005839
gentamicin sulfate	Chemical	D005839
Gentamicin sulfate	Chemical	D005839
gestational trophoblastic disease	Disease	D031901
gestodene	Chemical	C033273
giddiness	Disease	D004244
ginsenoside	Chemical	D036145
Ginsenoside Rg1	Chemical	C035054
glaucoma	Disease	D005901
glaucomatous	Disease	D005901
glioblastoma	Disease	D005909
Glioblastoma	Disease	D005909
glioblastomas	Disease	D005909
glomerular injury	Disease	D007674
glomerular sclerosis	Disease	D007674
glomerulonephritis	Disease	D005921
glomerulopathies	Disease	D007674
glomerulosclerosis	Disease	D005921
glucaric acid	Chemical	D005937
glucose	Chemical	D005947
glucose tolerance curves	Disease	D018149
glucosuria	Disease	D006030
glutamate	Chemical	D018698
glutamine	Chemical	D018698
glutathione	Chemical	D005978
glyburide	Chemical	D005905
Glyburide	Chemical	D005905
glycerin	Chemical	D005990
glycine	Chemical	D005998
glycopyrrolate	Chemical	D006024
glycosaminoglycan	Chemical	D006025
glycosuria	Disease	D006029
GM	Chemical	D005839
gout	Disease	D006073
GR 55562	Chemical	C103477
granulocytopenia	Disease	D000380
granulomas	Disease	D006099
Granulomatous hepatitis	Disease	D006099
Grape seed extract	Chemical	C511402
Graves' disease	Disease	D006111
green tea	Chemical	D010936
GSH	Chemical	D005978
GSPE	Chemical	C511402
Guillain-Barr   syndrome	Disease	D020275
gum Arabic	Chemical	D006170
GVG	Chemical	D020888
gynecomastia	Disease	D006177
H2O2	Chemical	D006861
H2O	Chemical	D014867
Haematological toxicity	Disease	D006402
haemodilution	Disease	D020141
Haemodilution	Disease	D020141
haemolysis	Disease	D006461
haemolytic anaemia	Disease	D000743
haemolytic-uraemic syndrome	Disease	D006463
Haemolytic-uraemic syndrome	Disease	D006463
haemorrhage	Disease	D006470
haemorrhages	Disease	D006470
hallucinations	Disease	D006212
Hallucinations	Disease	D006212
hallucinosis	Disease	D001523
halogenated hydroxyquinolines	Chemical	D006912
haloperidol	Chemical	D006220
Haloperidol	Chemical	D006220
halothane	Chemical	D006221
halothane hepatitis	Disease	C562477
hand-foot syndrome	Disease	D060831
HBeAg	Chemical	D006513
HBs Ag	Chemical	D006514
HBsAg	Chemical	D006514
HBSAG	Chemical	D006514
HBV and HIV co-infected	Disease	D006509
HBV-HIV co-infected	Disease	D006509
HBV infected	Disease	D006509
HBV infection	Disease	D006509
HBV mono-infected	Disease	D006509
HCFC 123	Chemical	C067411
HCFC 124	Chemical	C072959
HCFCs 123 and 124	Chemical	C067411
H	Chemical	D006859
headache	Disease	D006261
Headache	Disease	D006261
headaches	Disease	D006261
head and neck cancer	Disease	D006258
head and neck cancers	Disease	D006258
head and neck carcinoma	Disease	D006258
head and neck carcinomas	Disease	D006258
hearing impairment	Disease	D034381
hearing loss	Disease	D034381
heart block	Disease	D006327
heart disease	Disease	D006331
heart diseases	Disease	D006331
heart failure	Disease	D006333
hematological malignancies	Disease	D019337
hematologic disturbances	Disease	D006402
hematologic syndrome	Disease	D006402
hematoma	Disease	D006406
hematomas	Disease	D006406
hematotoxicity	Disease	D006402
hematuria	Disease	D006417
HEM	Disease	D006470
hemicholinium-3	Chemical	D006426
hemodilution	Disease	D020141
hemoglobinuria	Disease	D006456
hemolysis	Disease	D006461
Hemolysis	Disease	D006461
hemolytic anemia	Disease	D000743
Hemolytic anemia	Disease	D000743
hemolytic	Disease	D006461
hemolytic uremic syndrome	Disease	D006463
hemolytic-uremic syndrome	Disease	D006463
hemorrhage cystitis	Disease	D006470
hemorrhage	Disease	D006470
hemorrhagic cystitis	Disease	D006470
hemorrhagic	Disease	D006471
hemorrhaging	Disease	D006470
Henoch-Schonlein nephritis	Disease	D011695
heparan sulphate	Chemical	D006497
Heparan sulphate	Chemical	D006497
heparin	Chemical	D006493
Heparin	Chemical	D006493
hepatic adverse effects	Disease	D056486
hepatic and renal dysfunctions	Disease	D008107
hepatic complication	Disease	D008107
hepatic damage	Disease	D056486
hepatic dysfunction	Disease	D008107
hepatic failure	Disease	D017093
hepatic impairment	Disease	D008107
hepatic injury	Disease	D056486
hepatitis B	Disease	D006509
Hepatitis B	Disease	D006509
hepatitis B infection	Disease	D006509
hepatitis-B surface antigen	Chemical	D006514
hepatitis B virus e antigen	Chemical	D006513
hepatitis B virus (HBV) infected	Disease	D006509
hepatitis B virus surface antigen	Chemical	D006514
hepatitis C	Disease	D019698
hepatitis	Disease	D056486
Hepatitis	Disease	D056486
hepatitis E	Disease	D016751
hepatitis virus infection	Disease	D006525
hepatocellular carcinoma	Disease	D006528
hepatocellular carcinomas	Disease	D006528
hepatocellular injury	Disease	D056486
hepatomegaly	Disease	D006529
hepatorenal syndrome	Disease	D006530
hepatotoxic	Disease	D056486
hepatotoxicity	Disease	D056486
heroine	Chemical	D003932
hexafluorodiethyl ether	Chemical	D005481
hexamethonium	Chemical	D018738
hexamethonium chloride	Chemical	D018738
HFDE	Chemical	D005481
Hg	Chemical	D008628
hiccups	Disease	D006606
high-frequency hearing loss	Disease	D006316
Hip-His-Leu	Chemical	C010980
hippocampal injury	Disease	D001930
hirsutism	Disease	D006628
histamine	Chemical	D006632
HIT	Disease	D013921
HITT	Disease	D013921
HIV antibody-positive	Disease	D015658
HIV co-infection	Disease	D015658
HIV-infected	Disease	D015658
hoarding	Disease	D060845
hoarseness	Disease	D006685
Hoe-140	Chemical	C065679
HOE 140	Chemical	C065679
HT	Disease	D006973
human immunodeficiency virus	Disease	D015658
human immunodeficiency virus (HIV) co-infection	Disease	D015658
human immunodeficiency virus (HIV)-infected	Disease	D015658
human immunodeficiency virus infection	Disease	D015658
HUS	Disease	D006463
HVA	Chemical	D006719
hyaluronate	Chemical	D006820
hydralazine	Chemical	D006830
hydrochlorothiazide-triamterene	Chemical	C020743
Hydrocortisone acetate	Chemical	C021650
hydrocortisone	Chemical	D006854
hydrogen cyanamide	Chemical	D003484
Hydrogen cyanamide	Chemical	D003484
hydronephrosis	Disease	D006869
hydroxyl	Chemical	D017665
hyoscine	Chemical	D012601
Hyoscine	Chemical	D012601
hyperactive	Disease	D006948
hyperactivity	Disease	D006948
hyperalgesia	Disease	D006930
hyperammonemia	Disease	D022124
hyperbilirubinemia	Disease	D006932
hypercalcemia	Disease	D006934
hypercholesterolaemia	Disease	D006937
hypercholesterolemia	Disease	D006937
hyperemia	Disease	D006940
hypereosinophilia	Disease	D004802
hyperhidrosis	Disease	D006945
hyperkalaemia	Disease	D006947
hyperkalemia	Disease	D006947
Hyperkalemia	Disease	D006947
hyperkinesis	Disease	D006948
hyperkinetic	Disease	D006948
hyperlipidemia	Disease	D006949
hyperlocomotion	Disease	D009069
hyperparathyroidism	Disease	D006961
hyperphosphatemia	Disease	D054559
hyperprolactinemia	Disease	D006966
Hyperprolactinemia	Disease	D006966
hyperprolactinemic	Disease	D006966
hypersalivation	Disease	D012798
hypersensitivity	Disease	D004342
Hypersensitivity	Disease	D004342
hypersensitivity myocarditis	Disease	D009205
Hypersensitivity myocarditis	Disease	D009205
hypertension	Disease	D006973
Hypertension	Disease	D006973
hypertensive	Disease	D006973
Hypertensive	Disease	D006973
hyperthermia	Disease	D005334
hyperthyroidism	Disease	D006980
hypertrophy	Disease	D006984
hypoalbuminemia	Disease	D034141
hypocalcemia	Disease	D006996
hypogonadism	Disease	D007006
hypolocomotion	Disease	D006948
hypomania	Disease	D001714
hypomanic	Disease	D001714
hyponatremia	Disease	D007010
hypophosphatemia	Disease	D017674
hypoplastic left heart syndrome	Disease	D018636
hypotension	Disease	D007022
Hypotension	Disease	D007022
hypotensive	Disease	D007022
hypothalamic dysfunction	Disease	D007027
hypothermia	Disease	D007035
hypothyroid	Disease	D007037
hypothyroidism	Disease	D007037
hypoventilation	Disease	D007040
hypovolemia	Disease	D020896
hypoxaemia	Disease	D000860
hypoxemia	Disease	D000860
hypoxia	Disease	D000860
ibuprofen	Chemical	D007052
ICH	Disease	D002543
icterus	Disease	D007565
idiopathic dilated cardiomyopathy	Disease	D002311
idiopathic epilepsy	Disease	C562694
idiopathic Parkinson's disease	Disease	D010300
Idiopathic subjective tinnitus	Disease	D014012
Idraparinux	Chemical	C479958
IFN	Chemical	C417083
ifosfamide	Chemical	D007069
Ifosfamide	Chemical	D007069
ifosfamide, vincristine, and dactinomycin	Chemical	C064227
IFX	Chemical	D007069
IgA nephropathy	Disease	D005922
IH636 grape seed proanthocyanidin extract	Chemical	C511402
imidazoline	Chemical	D048288
imipramine	Chemical	D007099
immunologic injury	Disease	D007154
impaired blood clotting	Disease	D020141
impaired consciousness	Disease	D003244
impaired heart function	Disease	D006331
impaired immediate free recall	Disease	D008569
impaired memory	Disease	D008569
impaired renal function	Disease	D007674
impaired social and emotional judgement processes	Disease	D003072
impaired word fluency, psychomotor speed and working memory	Disease	D008569
impairment of attention and memory	Disease	D008569
impairment of hepatic function	Disease	D008107
impairment of learning and memory	Disease	D003072
impairment of learning	Disease	D007859
impairment of ventricular function	Disease	D018754
impairments in learning and memory	Disease	D007859
impotence	Disease	D007172
Impotence	Disease	D007172
inability to sleep	Disease	D007319
inappropriate antidiuretic hormone secretion	Disease	D007177
incomprehensible shouts	Disease	D019954
incontinence	Disease	D014549
increased SBP	Disease	D006973
increase in blood pressure	Disease	D006973
increase in heart rate and cardiac output	Disease	D016534
increase in locomotor activity	Disease	D006948
increase of external and skeletal variations	Disease	D009139
increases in blood pressure	Disease	D006973
increases in dural and cortical blood flow	Disease	D006940
increases in dural blood flow	Disease	D006940
indinavir	Chemical	D019469
indocyanine green	Chemical	D007208
indomethacin	Chemical	D007213
Indomethacin	Chemical	D007213
infarct	Disease	D007238
Infarct	Disease	D007238
infarction	Disease	D007238
infarcts	Disease	D007238
Infarcts in substantia nigra pars reticulata	Disease	D002544
infection	Disease	D007239
infections	Disease	D007239
inferior colliculus lesion	Disease	D001927
inferior colliculus lesions	Disease	D001927
infertility	Disease	D007247
inflammation	Disease	D007249
inflammatory bowel disease	Disease	D015212
initiation induced by carcinogens	Disease	D011230
initiation of carcinogenic process	Disease	D011230
injury in the cortex	Disease	D001480
injury to the brain	Disease	D001927
intermittent claudication	Disease	D007383
interstitial fibrosis	Disease	D005355
interstitial nephritis	Disease	D009395
intestinal tumors	Disease	D007414
intraarterial lesions	Disease	D014652
intracerebral hemorrhage	Disease	D002543
Intracerebral hemorrhage	Disease	D002543
intracranial aneurysms	Disease	D002532
Intracranial aneurysms	Disease	D002532
intracranial bleeding	Disease	D013345
intracranial hemorrhage	Disease	D020300
intracranial vascular disturbances	Disease	D002561
intrahepatic and extrahepatic cholestasis	Disease	D002780
intrahepatic cholestasis	Disease	D002780
intra-Hisian block	Disease	D006327
intraoperative and postoperative bleeding	Disease	D016063
intrauterine growth retardation	Disease	D005317
intravascular coagulation	Disease	D004211
intraventricular conduction abnormalities	Disease	D006345
iodixanol	Chemical	C044834
iopamidol	Chemical	D007479
ipratropium bromide	Chemical	D009241
ipratropium	Chemical	D009241
iprindole	Chemical	D007488
Irbesartan	Chemical	C081309
iron	Chemical	D007501
irritability	Disease	D001523
ischaemia	Disease	D007511
ischaemic stroke	Disease	D002544
ischaemic strokes	Disease	D002544
ischemia	Disease	D007511
ischemic injury	Disease	D017202
ischemic stroke	Disease	D002544
ISO	Chemical	D007545
isoflurane	Chemical	D007530
isoniazid	Chemical	D007538
Isoniazid	Chemical	D007538
isoprenaline	Chemical	D007545
isoproterenol	Chemical	D007545
Isoproterenol	Chemical	D007545
isoproterenols	Chemical	D007545
isosorbide dinitrate	Chemical	D007548
IST	Disease	D014012
itchiness	Disease	D011537
IVA	Chemical	C064227
jaundice	Disease	D007565
Jaundice	Disease	D007565
juvenile rheumatoid arthritis	Disease	D001171
kainic acid	Chemical	D007608
kanamycin	Chemical	D007612
Kaposi's sarcoma	Disease	D012514
K	Chemical	D011188
KCl	Chemical	C522374
ketamine	Chemical	D007649
Ketamine	Chemical	D007649
Ketamine hydrochloride	Chemical	D007649
ketoconazole	Chemical	D007654
Ketoconazole	Chemical	D007654
kidney damage	Disease	D007674
kidney disease	Disease	D007674
kidney diseases	Disease	D007674
kynurenine	Chemical	D007737
L1210 leukemia	Disease	D007939
labetalol	Chemical	D007741
Labetalol	Chemical	D007741
LA	Chemical	D019344
lactate	Chemical	D019344
L-alpha-GFC	Chemical	D005997
L-alpha-glyceryl-phosphorylcholine	Chemical	D005997
L-alpha-glycerylphosphorylcholine	Chemical	D005997
LAM	Chemical	D019259
lamivudin	Chemical	D019259
lamivudine	Chemical	D019259
Lamivudine	Chemical	D019259
lamotrigine	Chemical	C047781
l-arginine	Chemical	D001120
L-arginine	Chemical	D001120
L-dopa	Chemical	D007980
L-Dopa	Chemical	D007980
L-DOPA	Chemical	D007980
Learning and memory deficits	Disease	D007859
learning impairment	Disease	D007859
left ventricular systolic and diastolic dysfunction	Disease	D018487
legs paralysis	Disease	D010243
leiomyosarcoma	Disease	D007890
lenalidomide	Chemical	C467567
leprosy	Disease	D007918
lethargy	Disease	D053609
leucovorin	Chemical	D002955
Leucovorin	Chemical	D002955
leukemia	Disease	D007938
Leukemia	Disease	D007938
leukemic infiltration	Disease	D017254
leukemoid reaction	Disease	D007955
leukoencephalopathy	Disease	D056784
leukopenia	Disease	D007970
leuprolide acetate	Chemical	D016729
LEV	Chemical	C026098
levetiracetam	Chemical	C026098
levodopa/carbidopa	Chemical	C009265
levodopa	Chemical	D007980
Levodopa	Chemical	D007980
levofloxacin	Chemical	D064704
Levofloxacin	Chemical	D064704
levonorgestrel	Chemical	D016912
LHRH-A	Chemical	D016729
Li	Chemical	D008094
LiCl	Chemical	D018021
LID	Disease	D004409
lidocaine	Chemical	D008012
Lidocaine	Chemical	D008012
LIDs	Disease	D004409
lignocaine	Chemical	D008012
lindane	Chemical	D001556
Lindane	Chemical	D001556
lipidemia	Disease	D006949
lipopolysaccharide	Chemical	D008070
Lipopolysaccharide	Chemical	D008070
lisinopril	Chemical	D017706
lithium carbonate	Chemical	D016651
lithium	Chemical	D008094
Lithium	Chemical	D008094
liver abscess	Disease	D008100
liver and kidney toxicity	Disease	D056486
liver damage	Disease	D056486
liver disease	Disease	D008107
Liver disease	Disease	D008107
Liver enlargement	Disease	D006529
liver failure	Disease	D017093
liver injury	Disease	D056486
liver mass	Disease	D008107
liver or kidney disease	Disease	D008107
L-NAME	Chemical	D019331
locomotor hyperactivity	Disease	D009069
locomotor hypoactivity	Disease	D009069
long QT syndrome	Disease	D008133
loop diuretic	Chemical	D049994
lopinavir/ritonavir	Chemical	C558899
losartan	Chemical	D019808
loss of consciousness	Disease	D014474
Loss of consciousness	Disease	D014474
loss of creativity	Disease	D003072
loss of pinprick sensation	Disease	D012678
loss of sensation	Disease	D006987
loss of vision	Disease	D014786
lovastatin	Chemical	D008148
Lovastatin	Chemical	D008148
low back and right leg pain	Disease	D017116
lower extremity weakness	Disease	D020335
low sexual desire	Disease	D020018
luminal	Chemical	D010634
lung toxicity	Disease	D008171
lupus	Disease	D008180
lupus erythematosus	Disease	D008180
lupus nephritis	Disease	D008181
lupus syndrome	Disease	D008180
LY274614	Chemical	C070935
lymphadenitis	Disease	D008199
lymphadenopathy	Disease	D008206
lymphoblastic lymphoma	Disease	D054198
lymphomas	Disease	D008223
lymphoplasmacytic lymphoma	Disease	D008223
magnesium	Chemical	D008274
MAHA	Disease	D000743
major depression	Disease	D003865
malaria	Disease	D008288
malignancies	Disease	D009369
malignancy	Disease	D009369
malignant gliomas	Disease	D005910
malignant hypertension	Disease	D006974
Malignant Mesenchymal Tumor	Disease	C535700
malignant mesenchymal tumors	Disease	C535700
malignant tumor	Disease	D009369
malondialdehyde	Chemical	D008315
maltol	Chemical	C008316
maltolyl p-coumarate	Chemical	C524754
Maltolyl p-coumarate	Chemical	C524754
mania	Disease	D001714
manic	Disease	D001714
Manic	Disease	D001714
mannitol	Chemical	D008353
mantle cell lymphoma	Disease	D020522
MAO	Chemical	D008995
MAP	Chemical	D008694
masseter spasm	Disease	D014313
massive hepatic necrosis	Disease	D047508
massive hepatocellular necrosis	Disease	D047508
mazindol	Chemical	D008454
Mazindol	Chemical	D008454
MDMA	Chemical	D018817
MDM	Disease	D007645
mecamylamine	Chemical	D008464
mefloquine	Chemical	D015767
melanoma	Disease	D008545
melphalan	Chemical	D008558
membranoproliferative glomerulopathy	Disease	D015433
memory and learning impairments	Disease	D008569
memory deficiency	Disease	D008569
memory deficit	Disease	D008569
memory deficits	Disease	D008569
memory dissociation	Disease	D008569
memory impaired	Disease	D008569
memory impairment	Disease	D008569
meningeal disease	Disease	D002493
meningeal leukemia	Disease	D008577
meningitis	Disease	D008581
mepivacaine	Chemical	D008619
mesenchymal tumors	Disease	C535700
mesna	Chemical	D015080
mesothelioma	Disease	D008654
metabolic abnormalities	Disease	D008659
metabolic acidosis	Disease	D000138
metamizol	Chemical	D004177
Metamizol	Chemical	D004177
metamphetamine	Chemical	D008694
methadone	Chemical	D008691
methamphetamine	Chemical	D008694
Methamphetamine	Chemical	D008694
methamphetamines	Chemical	D008694
METH	Chemical	D008694
methemoglobinemia	Disease	D008708
methionine	Chemical	D008715
methoctramine	Chemical	C054938
methotrexate	Chemical	D008727
Methotrexate	Chemical	D008727
methscopolamine	Chemical	D019832
methyl 6,7-dimethoxy-4-ethyl-B-carboline-3-carboxylate	Chemical	C034818
methyl beta-carboline-3-carboxylate	Chemical	C036150
methyl dopa	Chemical	D008750
methyldopa	Chemical	D008750
methylergonovine	Chemical	D008755
Methylergonovine	Chemical	D008755
methylphenidate	Chemical	D008774
Methylphenidate	Chemical	D008774
methylprednisolone	Chemical	D008775
methylxanthine	Chemical	C008514
methylxanthines	Chemical	C008514
metoclopramide	Chemical	D008787
metocurine	Chemical	C032943
metoprolol	Chemical	D008790
metrifonate	Chemical	D014236
metronidazole	Chemical	D008795
mexiletine	Chemical	D008801
Mexitil-Perlongets	Chemical	D008801
MFL	Chemical	C085788
MFL regimen	Chemical	C085788
Mg	Chemical	D008274
microangiopathic hemolytic anemia	Disease	D000743
Microangiopathic hemolytic anemia	Disease	D000743
microangiopathies	Disease	D014652
microphthalmos	Disease	D008850
midazolam	Chemical	D008874
Midazolam hydrochloride	Chemical	D008874
Midazolan	Chemical	D008874
migraine	Disease	D008881
Migraine	Disease	D008881
migraineurs (without aura)	Disease	D020326
milk fever	Disease	D010319
minoxidil	Chemical	D008914
miosis	Disease	D015877
mipafox	Chemical	C005238
Mipafox	Chemical	C005238
mitochondrial abnormalities	Disease	D028361
Mitochondrial abnormalities	Disease	D028361
mitochondrial cytopathy	Disease	C540770
mitochondrial damage	Disease	D028361
mitochondrial disorders	Disease	D028361
mitochondrial dysfunction	Disease	D028361
mitochondrial impairment	Disease	D028361
mitochondrial toxicity	Disease	D028361
mitoxantrone	Chemical	D008942
mitral regurgitation	Disease	D008944
mitral valve prolapse	Disease	D008945
MK-486	Chemical	D002230
MK-801	Chemical	D016291
MK801	Chemical	D016291
modafinil	Chemical	C048833
Modafinil	Chemical	C048833
molindone	Chemical	D008972
mood disorder	Disease	D019964
mood disorders	Disease	D019964
morphine	Chemical	D009020
Morphine	Chemical	D009020
Morton's neuralgia	Disease	D009437
motor and sensory impairment	Disease	D015417
motor disability	Disease	D009069
motor neuropathy	Disease	D010523
movement abnormalities	Disease	D020820
movement disorder	Disease	D009069
MPA	Chemical	D015097
MP	Disease	D009202
MPEP	Chemical	C121465
MPTP	Chemical	D015632
MR	Disease	D008944
MTX	Chemical	D008727
mucositis	Disease	D052016
multi-organ failure	Disease	D009102
multiple myeloma	Disease	D009101
muscle contractions	Disease	C536214
muscle pain	Disease	D063806
muscle tear	Disease	D009135
muscle wastage	Disease	D009133
muscle weakness	Disease	D018908
muscular rigidity	Disease	D009127
musculoskeletal pain	Disease	D059352
myalgia	Disease	D063806
myalgias	Disease	D063806
myasthenia gravis	Disease	D009157
Myasthenia gravis	Disease	D009157
mycophenolate mofetil	Chemical	C063008
mydriasis	Disease	D015878
myelitis	Disease	D009187
myeloencephalopathy	Disease	D001927
myelo-optic neuropathy	Disease	D013118
myelopathy	Disease	D013118
myelosuppression	Disease	D001855
Myelosuppression	Disease	D001855
myelotoxicity	Disease	D001855
myocardial and kidney injury	Disease	D006331
myocardial cell injury	Disease	D009202
myocardial damage	Disease	D009202
myocardial dysfunction	Disease	D009202
myocardial infarction	Disease	D009203
Myocardial infarction	Disease	D009203
myocardial infarctions	Disease	D009203
myocardial injury	Disease	D009202
myocardial ischemia	Disease	D017202
myocardial necrosis	Disease	D009202
myocardial stunning	Disease	D017682
myocardiopathy	Disease	D009202
myocarditis	Disease	D009205
Myocarditis	Disease	D009205
myoclonic jerks	Disease	D009207
myoclonus	Disease	D009207
myoglobinuria	Disease	D009212
Myoglobinuria	Disease	D009212
myonecrosis	Disease	D009135
myopathy	Disease	D009135
Myopathy	Disease	D009135
myotonia congenita	Disease	D009224
myotonia	Disease	D009222
MZ	Chemical	D008874
N-(2-propylpentanoyl)urea	Chemical	C108761
N-[4-(5-nitro-2-furyl)-2-thiazolyl]-formamide	Chemical	D005200
N(6)-cyclopentyl adenosine	Chemical	C048599
N-acetylcysteine	Chemical	D000111
na	Chemical	D012964
Na	Chemical	D012964
NaCl	Chemical	D012965
naloxone	Chemical	D009270
Naloxone	Chemical	D009270
nausea	Disease	D009325
nausea, vomiting	Disease	D020250
NE	Chemical	D009638
necrosis	Disease	D009336
necrotic	Disease	D009336
necrotizing enterocolitis	Disease	D020345
nelarabine	Chemical	C104457
neoplasia	Disease	D009369
neoplasms	Disease	D009369
neostigmine	Chemical	D009388
nephritis	Disease	D009393
nephrolithiasis	Disease	D053040
Nephrolithiasis	Disease	D053040
nephropathy	Disease	D007674
nephrosclerosis	Disease	D009400
nephrosis	Disease	D009401
nephrotic	Disease	D009404
nephrotic syndrome	Disease	D009404
nephrotic syndromes	Disease	D009404
nephrotoxic	Disease	D007674
nephrotoxicity	Disease	D007674
Nephrotoxicity	Disease	D007674
nerve entrapment	Disease	D009408
neurocognitive defects	Disease	D002493
neurodegeneration	Disease	D009422
neurodevelopmental disorder	Disease	D002658
neurogenic hyperalgesia	Disease	D006930
Neuroinflammation	Disease	D020078
neurological and cardiovascular toxicity	Disease	D020258
neurological and psychiatric disorders	Disease	D009422
neurological complications	Disease	D002493
neurological deficit	Disease	D009461
neurological deficits	Disease	D009461
neurological disorders	Disease	D009422
neurological disturbance	Disease	D009422
neurological sequelae	Disease	D009422
neurological toxicity	Disease	D009422
neurologic complications	Disease	D009422
neurologic deterioration	Disease	D009422
neurologic sequelae	Disease	D009422
Neurologic toxicity	Disease	D020258
neuromuscular blockade	Disease	D020879
neuromuscular disease	Disease	D009468
neuromuscular disorders	Disease	D009468
neuronal damage	Disease	D009410
neuronal death	Disease	D009410
neuronal loss	Disease	D009410
neuropathic damage	Disease	D009422
neuropathic pain	Disease	D009437
neuropathies	Disease	D009422
neuropathological damages	Disease	D004194
neuropathy	Disease	D009422
neuropsychiatric symptoms	Disease	D001523
neurosensorial hearing loss	Disease	D006319
neurotensin	Chemical	D009496
neurotensin type-1 receptor antagonist	Chemical	C079087
neurotoxic	Disease	D020258
neurotoxicity	Disease	D020258
Neurotoxicity	Disease	D020258
neutropenia	Disease	D009503
Neutropenia	Disease	D009503
NG	Chemical	D008466
N(G)-nitro-L-arginine methyl ester	Chemical	D019331
niacinamide	Chemical	D009536
niacin	Chemical	D009525
nicotine	Chemical	D009538
Nicotine	Chemical	D009538
nifedipine	Chemical	D009543
Nifedipine	Chemical	D009543
nimodipine	Chemical	D009553
Nimodipine	Chemical	D009553
NIN	Disease	D009759
nitrazepam	Chemical	D009567
nitrendipine	Chemical	D009568
nitric oxide	Chemical	D009569
nitrofurantoins	Chemical	D009582
Nitrofurantoins	Chemical	D009582
nitroglycerin	Chemical	D005996
Nitroglycerin	Chemical	D005996
nitrogranulogen	Chemical	D008466
nitro-L-arginine methyl ester	Chemical	D019331
Nitro-L-arginine methyl ester	Chemical	D019331
nitroprusside	Chemical	D009599
Nitroprusside	Chemical	D009599
nitrous oxide	Chemical	D009609
NMDA	Chemical	D016202
N-methyl-D-aspartate	Chemical	D016202
N-methyl-N-nitrosourea	Chemical	D008770
N, N'-diisopropylphosphorodiamidofluoridate	Chemical	C005238
N,N-dimethylpropranolol	Chemical	C002616
NO	Chemical	D009569
nociceptive muscle	Disease	D063806
nocturnal leg cramps	Disease	D020922
N  omercazole	Chemical	D002231
non-Hodgkin lymphomas	Disease	D008228
non-Hodgkin's lymphoma	Disease	D008228
non-small cell lung cancer	Disease	D002289
nonsmall cell lung carcinoma	Disease	D002289
noradrenaline	Chemical	D009638
norepinephrine	Chemical	D009638
Norepinephrine	Chemical	D009638
normetanephrine	Chemical	D009647
norpethidine	Chemical	C002752
N-pyrimidinyl-2-phenoxyacetamide	Chemical	D010642
N-pyrimidinyl-2-phenoxyacetamides	Chemical	D010642
NRA0160	Chemical	C121249
NSC 343499	Chemical	C042315
NSCLC	Disease	D002289
nucleoside	Chemical	D009705
nucleotide	Chemical	D009711
numbness	Disease	D006987
nutritional deficiency	Disease	D044342
nystagmus	Disease	D009759
O2-	Chemical	D013481
obsessive compulsive disorder	Disease	D009771
obsessive-compulsive disorder	Disease	D009771
obsessive-compulsive-like behaviors	Disease	D009771
obstructive lung disease	Disease	D008173
obstructive (P less than 0.05) and central apnoea	Disease	D020181
OC	Chemical	D003276
OCD	Disease	D009771
octreotide	Chemical	D015282
Octreotide	Chemical	D015282
Ocular and auditory toxicity	Disease	D014786
ocular and orbital toxicity	Disease	D005128
ocular hypotensive	Disease	D015814
ocular myasthenia	Disease	D009157
ocular pain	Disease	D058447
ocular toxicity	Disease	D005128
olanzapine	Chemical	C076029
oligodeoxynucleotide	Chemical	D009838
oliguria	Disease	D009846
oliguric renal failure	Disease	D009846
omeprazole	Chemical	D009853
Omeprazole	Chemical	D009853
OP	Chemical	D010755
OP compound	Chemical	D009943
opistothonus, sensory and motor dysfunction	Disease	D020258
opportunistic infection	Disease	D009894
opportunistic infections	Disease	D009894
OPs	Chemical	D010755
optic atrophy	Disease	D009896
oral contraceptive	Chemical	D003276
oral-contraceptive	Chemical	D003276
oral contraceptives	Chemical	D003276
Oral contraceptives	Chemical	D003276
organic mental disorder	Disease	D019965
Organic mental disorder	Disease	D019965
organic mental disorders	Disease	D019965
organic personality syndrome	Disease	D010554
organic psychotic	Disease	D019965
organophosphate	Chemical	D010755
Organophosphate	Chemical	D010755
organophosphorus	Chemical	D010755
organophosphorus (OP) poisons	Chemical	D009943
orofacial diskinesia	Disease	D004409
orofacial dyskinesia	Disease	D004409
orthostatic hypotension	Disease	D007024
Orthostatic hypotension	Disease	D007024
osteoarthritis	Disease	D010003
osteopenia	Disease	D001851
osteoporosis	Disease	D010024
ototoxic	Disease	D006311
ototoxicity	Disease	D006311
Ototoxicity	Disease	D006311
ouabain	Chemical	D010042
ovarian cancer	Disease	D010051
overdosage	Disease	D062787
overdosages	Disease	D062787
overdose	Disease	D062787
oxazepam	Chemical	D010076
oxcarbazepine	Chemical	C036006
oxycodone	Chemical	D010098
oxygen	Chemical	D010100
oxytocin	Chemical	D010121
ozone	Chemical	D010126
PAC	Chemical	D017239
paclitaxel	Chemical	D017239
Paclitaxel	Chemical	D017239
pain and visual disturbance in the ipsilateral eye	Disease	D058447
pain	Disease	D010146
Pain	Disease	D010146
painful muscle	Disease	D063806
pains	Disease	D010146
palpebral twitching	Disease	D004409
Palpebral twitching	Disease	D004409
palsy	Disease	D010243
PAN	Chemical	D011692
pancreatitis	Disease	D010195
panic disorder	Disease	D016584
panic disorders	Disease	D016584
papaverine	Chemical	D010208
Papaverine hydrochloride	Chemical	D010208
papilledema	Disease	D010211
paracetamol	Chemical	D000082
Paracetamol	Chemical	D000082
paralysis	Disease	D010243
paramethasone	Chemical	D010248
parasomnias	Disease	D020447
paresthesia	Disease	D010292
paresthesias	Disease	D010292
Parkinson disability	Disease	D009069
parkinsonian catalepsy	Disease	D002375
parkinsonian	Disease	D010300
parkinsonian symptoms	Disease	D010302
parkinsonism	Disease	D010302
Parkinson's disease	Disease	D010300
Parkinson's Disease	Disease	D010300
paroxetine	Chemical	D017374
partial loss of quadriceps functions	Disease	D009135
patent foramen ovale	Disease	D054092
p-chlorophenylalamine	Chemical	D010134
p-choloroaniline	Chemical	C004658
PCOS	Disease	D011085
p-coumaric acid	Chemical	C032171
PCP	Chemical	D010622
PCP	Disease	D011020
PD	Disease	D010300
PDTC	Chemical	C020972
PEG 400	Chemical	D011092
pegylated IFN alpha-2b	Chemical	C417083
pegylated interferon alpha 2a	Chemical	C100416
pegylated interferon	Chemical	C417083
pegylated interferon (IFN) alpha-2b	Chemical	C417083
pelvic tumor	Disease	D010386
penicillamine	Chemical	D010396
penicillin	Chemical	D010406
penicillins	Chemical	D010406
penile erection	Disease	D010409
penile pain	Disease	D004414
pentazocine	Chemical	D010423
pentobarbital	Chemical	D010424
pentose phosphate	Chemical	D010428
pentoxifylline	Chemical	D010431
Pentoxifylline	Chemical	D010431
pentoxyifylline	Chemical	D010431
pentylenetetrazol	Chemical	D010433
pentylenetetrezol	Chemical	D010433
peptic ulcer disease	Disease	D010437
pergolide	Chemical	D010479
Pergolide	Chemical	D010479
perhexiline maleate	Chemical	C023470
Perhexiline maleate	Chemical	C023470
pericarditis	Disease	D010493
Pericarditis	Disease	D010493
peripheral nerve disease	Disease	D010523
peripheral nerve toxicity	Disease	D010523
peripheral neuropathy	Disease	D010523
Peripheral neuropathy	Disease	D010523
peripheral neurotoxicity	Disease	D010523
peripheral vascular disease	Disease	D016491
permanent disability	Disease	D003638
petechiae	Disease	D011693
pethidine	Chemical	D008614
Pethidine	Chemical	D008614
PG-9	Chemical	C087567
PG	Chemical	D010400
PGE1	Chemical	D000527
phenacetin	Chemical	D010615
phencyclidine	Chemical	D010622
phenobarbital	Chemical	D010634
phenobarbitone	Chemical	D010634
Phenobarbitone	Chemical	D010634
phentolamine	Chemical	D010646
phenylacetic acid	Chemical	C025136
phenylephrine	Chemical	D010656
Phenylephrine	Chemical	D010656
phenylpropanolamine	Chemical	D010665
Phenylpropanolamine	Chemical	D010665
phenytoin	Chemical	D010672
phlebitis	Disease	D010689
phonophobia	Disease	D012001
phophorylcreatine	Chemical	D010725
phosphate	Chemical	D010710
phosphorylcreatine	Chemical	D010725
photophobia	Disease	D020795
physostigmine	Chemical	D010830
Picloxydine	Chemical	C005253
picrotoxin	Chemical	D010852
pigmentary retinal deposits	Disease	D012164
pilocarpine	Chemical	D010862
Pimozide	Chemical	D010868
Pirarubicin	Chemical	C027260
pirenzepine	Chemical	D010890
piroxicam	Chemical	D010894
pituitary tumors	Disease	D010911
Pituitary tumors	Disease	D010911
plasmacytoma	Disease	D010954
platelet aggregation	Disease	D001791
platelet aggregations	Disease	D001791
pleural and pericardial effusion	Disease	D010996
pleural and pericardial effusions	Disease	D010996
pleural effusions	Disease	D010996
Pneumocystis pneumonia	Disease	D011020
pneumonia	Disease	D011014
pneumonitis	Disease	D011014
Pneumonitis	Disease	D011014
PO2	Chemical	C093415
poisoning	Disease	D011041
polycystic ovary syndrome	Disease	D011085
polydipsia	Disease	D059606
polyethylene glycol 400	Chemical	D011092
polyneuropathy	Disease	D011115
polyuria	Disease	D011141
posaconazole	Chemical	C101425
postoperative emetic symptoms	Disease	D020250
postoperative nausea and vomiting	Disease	D020250
postoperative pain	Disease	D010149
postsynaptic neuromuscular blockade	Disease	D009468
postural hypotension	Disease	D007024
potassium	Chemical	D011188
Potassium	Chemical	D011188
Potter-type IIa polycystic kidney	Disease	D007690
povidone-iodine	Chemical	D011206
PPA	Chemical	D010665
pralidoxime-2-chloride	Chemical	D011220
pravastatin	Chemical	D017035
prazosin	Chemical	D011224
Prazosin	Chemical	D011224
prednisolone	Chemical	D011239
prednisone	Chemical	D011241
preeclampsia	Disease	D011225
pregnanolone	Chemical	D011280
premature atherosclerosis	Disease	D050197
premature ventricular contractions	Disease	D018879
preterm labor	Disease	D007752
priapism	Disease	D011317
Priapism	Disease	D011317
prilocaine	Chemical	D011318
Prilocaine	Chemical	D011318
primary cardiomyopathy	Disease	D009202
primary pulmonary hypertension	Disease	D006976
Primary pulmonary hypertension	Disease	D006976
proanthocyanidins	Chemical	D044945
procainamide	Chemical	D011342
Procainamide	Chemical	D011342
prochlorperazine	Chemical	D011346
progestagen	Chemical	D011372
progesterone	Chemical	D011374
prolactinoma	Disease	D015175
prolactinomas	Disease	D015175
prolonged QT interval	Disease	D008133
prolonged Q-T syndrome	Disease	D008133
propafenone	Chemical	D011405
propofol	Chemical	D015742
propranolol	Chemical	D011433
propylene glycol	Chemical	D019946
propylthio- uracil	Chemical	D011441
propylthiouracil	Chemical	D011441
Propylthiouracil	Chemical	D011441
prostacyclin	Chemical	D011464
prostaglandin E1	Chemical	D000527
prostaglandin F2 alpha	Chemical	D015237
prostaglandins	Chemical	D011453
prostate cancer	Disease	D011471
prostatic adenocarcinoma	Disease	D000230
proteinuria	Disease	D011507
Proteinuria	Disease	D011507
proteinuric injury	Disease	D011507
Proteus mirabilis infection	Disease	D011512
proximal motor neuropathy	Disease	D009468
pruritus	Disease	D011537
pseudoacromegaly	Disease	D004194
Pseudoacromegaly	Disease	D004194
pseudolithiasis	Disease	D001660
psoriasis	Disease	D011565
psychiatric	Disease	D001523
psychiatric disorders	Disease	D001523
psychomotor agitation	Disease	D011595
psychoses	Disease	D011605
psychosis	Disease	D011605
psychosis	Disease	D011618
psychotic	Disease	D011618
psychotic symptoms	Disease	D011605
psychotic symptoms	Disease	D011618
psychotic syndromes belonging predominantly to the schizophrenia group	Disease	D019967
ptosis on the right upper lid	Disease	D001763
PTX	Chemical	D010852
PTZ	Chemical	D010433
pulmonary and renal insufficiency	Disease	D011665
pulmonary edema	Disease	D011654
pulmonary hypertension	Disease	D006976
Pulmonary hypertension	Disease	D006976
pulmonary obstruction	Disease	D011655
pulmonary tuberculosis	Disease	D014397
purine	Chemical	D011687
puromycin aminonucleoside	Chemical	D011692
Puromycin aminonucleoside	Chemical	D011692
purpura	Disease	D011693
putaminal hemorrhage	Disease	D020146
pyridoxal	Chemical	D011730
pyridoxine	Chemical	D011736
pyridoxine hydrochloride	Chemical	D011736
Pyrrolidine dithiocarbamate	Chemical	C020972
Q-T prolongation	Disease	D008133
quadriparesis	Disease	D011782
quadriplegic	Disease	D011782
quaternary ammonium	Chemical	D000644
quinine	Chemical	D011803
quinolones	Chemical	D015363
quinpirole	Chemical	D019257
rabbit syndrome	Disease	D001480
Rabbit syndrome	Disease	D001480
raclopride	Chemical	D020891
radiculopathy	Disease	D011843
radiocalcium	Chemical	D002132
raloxifene	Chemical	D020849
Raloxifene	Chemical	D020849
raloxifene hydrochloride	Chemical	D020849
(R)-alpha-methylhistamine	Chemical	C069357
R-(alpha)-methylhistamine	Chemical	C069357
RAMH	Chemical	C069357
ranitidine	Chemical	D011899
Ranitidine	Chemical	D011899
rapamycin	Chemical	D020123
rash	Disease	D005076
reduced the supine systolic and diastolic blood pressures	Disease	D007024
reduces frontal lobe oxygenation	Disease	D002534
reduction in blood pressure	Disease	D007022
reduction in glomerular number	Disease	D007674
reduction in systolic BP	Disease	D007022
reductions in mean arterial blood pressure	Disease	D007022
reflex sympathetic dystrophy	Disease	D012019
reflux esophagitis	Disease	D005764
renal abnormalities	Disease	D007674
renal and hepatic dysfunction	Disease	D051437
renal and hepatic failure	Disease	D058186
renal and kidney disease	Disease	D007674
renal and liver dysfunction	Disease	D051437
renal and/or hepatic dysfunction	Disease	D007674
renal artery stenosis	Disease	D012078
renal calculi	Disease	D007669
renal calculus	Disease	D007669
renal cancer	Disease	D007680
renal cell carsinom	Disease	D002292
renal damage	Disease	D007674
Renal damage	Disease	D007674
renal dysfunction	Disease	D007674
renal failure	Disease	D051437
renal Fanconi syndrome	Disease	D005198
Renal Fanconi syndrome	Disease	D005198
renal injury	Disease	D007674
renal insufficiency	Disease	D051437
renal interstitial damage	Disease	D007674
renal papillary necrosis	Disease	D007681
Renal papillary necrosis	Disease	D007681
renal toxicity	Disease	D007674
renovascular disease	Disease	D014652
renovascular hypertension	Disease	D006978
repetitive behaviors	Disease	D001523
reserpine	Chemical	D012110
Reserpine	Chemical	D012110
respiratory and cardiovascular depression	Disease	D012140
respiratory arrest	Disease	D012131
respiratory depression	Disease	D012131
respiratory distress	Disease	D012128
respiratory dysfunction	Disease	D012131
respiratory failure	Disease	D012131
Respiratory insufficiency	Disease	D012131
restricted right eye movement	Disease	D015835
retention of urine	Disease	D016055
retinal detachment	Disease	D012163
retinal toxicity	Disease	D012164
retinal vasculitis	Disease	D031300
retinal vein occlusion	Disease	D012170
Rg1	Chemical	C035054
rhabdomyolysis	Disease	D012206
Rhabdomyolysis	Disease	D012206
rheumatoid arthritis	Disease	D001172
rheumatologic disease	Disease	D012216
rheumatologic diseases	Disease	D012216
rheumatologic disorders	Disease	D012216
ribavirin	Chemical	D012254
riboflavin	Chemical	D012256
ribonucleic acid	Chemical	D012313
rifampin	Chemical	D012293
right heart failure	Disease	D006333
rigidity	Disease	D009127
rilmenidine	Chemical	C032302
risperidone	Chemical	D018967
Risperidone	Chemical	D018967
ritodrine	Chemical	D012312
ritonavir	Chemical	D019438
Ritonavir	Chemical	D019438
rizatriptan	Chemical	C093622
Rizatriptan	Chemical	C093622
Ro 40-5967	Chemical	D020748
Ro4368554	Chemical	C507242
rosuvastatin	Chemical	C422923
RPN	Disease	D007681
RS	Disease	D001480
ruptured aneurysms	Disease	D017542
salbutamol	Chemical	D000420
Salbutamol	Chemical	D000420
salt	Chemical	D017673
salvianolic acid A	Chemical	C066201
saralasin	Chemical	D012504
sarin	Chemical	D012524
scabies	Disease	D012532
SCH 23390	Chemical	C534628
Sch	Chemical	D013390
schizophrenia	Disease	D012559
Schizophrenia	Disease	D012559
schizophrenic	Disease	D012559
scopolamine	Chemical	D012601
SD	Disease	D012735
secondary hyperalgesia	Disease	D006930
Secondary hyperalgesia	Disease	D006930
SE	Disease	D013226
seizure	Disease	D012640
Seizure	Disease	D012640
seizures	Disease	D012640
Seizures	Disease	D012640
selective serotonin reuptake inhibitor	Chemical	D017367
selegiline	Chemical	D012642
Selegiline	Chemical	D012642
sensori-motor neuropathy	Disease	D010523
Sensori-motor neuropathy	Disease	D010523
sensorineural hearing loss	Disease	D006319
sensory loss	Disease	C580162
sepsis	Disease	D018805
septicaemia	Disease	D018805
septicemia	Disease	D018805
serositis	Disease	D012700
serotonergic antidepressants	Chemical	D018490
Serotonergic antidepressants	Chemical	D018490
serotonin 5-HT2	Chemical	D044348
serotonin	Chemical	D012701
serotonin reuptake inhibitors	Chemical	D017367
sertraline	Chemical	D020280
Sestamibi	Chemical	D017256
S-(-)-ET-126	Chemical	C098725
sevoflurane	Chemical	C009250
sexual dysfunction	Disease	D012735
Sexual dysfunction	Disease	D012735
Sexual dysfunctions	Disease	D012735
shock	Disease	D012769
shortness of breath	Disease	D004417
silver	Chemical	D012834
simvastatin 10 mg-ezetimibe 40 mg	Chemical	C492458
simvastatin	Chemical	D019821
Simvastatin	Chemical	D019821
simvastatin-ezetimibe	Chemical	C492458
simvastatinezetimibe	Chemical	C492458
Simvastatin-ezetimibe	Chemical	C492458
Simvastatinezetimibe	Chemical	C492458
simvastatin hydroxy acid	Chemical	C532833
sinoatrial block	Disease	D012848
sinuatrial disease	Disease	D002318
sinus arrest	Disease	D054138
Sinus arrest	Disease	D054138
sinus bradycardia	Disease	D012804
sirolimus	Chemical	D020123
Sirolimus	Chemical	D020123
sirolmus	Chemical	D020123
SKF 38393	Chemical	D015647
skin cancers	Disease	D012878
sleep disturbance	Disease	D012893
sleep disturbances	Disease	D012893
sleeping difficulties	Disease	D012893
s-limonene	Chemical	C008281
smoking	Chemical	D012906
SNHL	Disease	D006319
SNP	Chemical	D009599
sodium bicarbonate	Chemical	D017693
Sodium bicarbonate	Chemical	D017693
sodium	Chemical	D012964
Sodium	Chemical	D012964
Sodium chloride	Chemical	D012965
sodium citrate	Chemical	C102006
sodium nitroprusside	Chemical	D009599
sodium pentothal	Chemical	D013874
sodium valproate	Chemical	D014635
soman	Chemical	D012999
somatic rigidity	Disease	D009127
somnolence	Disease	D006970
sorafenib	Chemical	C471405
sparteine	Chemical	D013034
spasm	Disease	D013035
spasticity	Disease	D009128
s-perillyl alcohol	Chemical	C032208
spironolactone	Chemical	D013148
Spironolactone	Chemical	D013148
splenomegaly	Disease	D013163
spondyloarthropathy	Disease	D025242
sporotrichosis	Disease	D013174
squamous carcinoma	Disease	D002294
squamous cell carcinoma	Disease	D002294
squamous cell esophageal carcinoma	Disease	C562729
SR48692	Chemical	C079087
Srl	Chemical	D020123
SRL	Chemical	D020123
SSRI	Chemical	D017367
SSRIs	Chemical	D017367
statin	Chemical	D019821
statins	Chemical	D019821
Statins	Chemical	D019821
status epilepticus	Disease	D013226
steroid	Chemical	D013256
steroids	Chemical	D013256
Stevens-Johnson syndrome	Disease	D013262
Stevens-Johnson syndromes	Disease	D013262
stomatitis	Disease	D013280
STR	Chemical	D013331
streptococcal endophthalmitis	Disease	D013290
streptomycin	Chemical	D013307
Streptomycin	Chemical	D013307
streptozotocin	Chemical	D013311
stress fractures	Disease	D015775
stress incontinence	Disease	D014550
stroke	Disease	D020521
Stroke	Disease	D020521
strokes	Disease	D020521
structural damage to the frontal lobe	Disease	D001927
structural lesions of the brain	Disease	D001927
strychnine	Chemical	D013331
stuporous	Disease	D053608
subarachnoid haemorrhage	Disease	D013345
subarachnoid hemorrhage	Disease	D013345
subpial necrosis	Disease	D013118
substance abuse	Disease	D019966
succinylcholine	Chemical	D013390
sucrose	Chemical	D013395
sudden death	Disease	D003645
sudden deterioration of renal function	Disease	D058186
sugar dependency	Disease	D019966
sulfasalazine	Chemical	D012460
Sulfasalazine	Chemical	D012460
Sulfonamides	Chemical	D013449
sulfonylurea	Chemical	D013453
sulfonylureas	Chemical	D013453
sulindac	Chemical	D013467
sulphasalazine	Chemical	D012460
sulpiride	Chemical	D013469
Sulpiride	Chemical	D013469
sumatriptan	Chemical	D018170
sunburn	Disease	D013471
sunitinib	Chemical	C473478
superoxide	Chemical	D013481
suppression of motility	Disease	D011596
supraventricular tachyarrhythmia	Disease	D013617
supraventricular tachyarrhythmias	Disease	D013617
supraventricular tachycardia	Disease	D013617
suxamethonium	Chemical	D013390
Suxamethonium	Chemical	D013390
Suxamethonium chloride	Chemical	D013390
swelling	Disease	D004487
syncope	Disease	D013575
synovitis	Disease	D013585
systemic lupus erythematosus	Disease	D008180
systolic dysfunction	Disease	D006331
systolic orthostatic hypotension	Disease	D007024
TAA	Disease	D017545
TAC	Chemical	D016559
tachyarrhythmia	Disease	D013610
tachyarrhythmias	Disease	D013610
tachycardia	Disease	D013610
tacrolimus	Chemical	D016559
Tacrolimus	Chemical	D016559
talipes equinovarus	Disease	D003025
tAMCA	Chemical	D014148
TAM	Chemical	D013629
tamoxifen	Chemical	D013629
Tamoxifen	Chemical	D013629
tardive dyskinesia	Disease	D004409
tardive dystonia	Disease	D004421
tariquidar	Chemical	C402343
Taxol	Chemical	D017239
t-butyl bicyclo-orthobenzoate	Chemical	C046308
Tc99m-Sestamibi	Chemical	D017256
T-cell leukaemia or lymphoma	Disease	D015458
T-cell lymphoblastic leukaemia and lymphoma	Disease	D015458
TCR	Chemical	C007145
TD	Disease	D004409
TDFS	Disease	D005198
TdP	Disease	D016171
TDP	Disease	D016171
telangiectasis	Disease	D013684
telithromycin	Chemical	C106791
Telithromycin	Chemical	C106791
temazepam	Chemical	D013693
temporal lobe epilepsy	Disease	D004833
temporomandibular disorders	Disease	D013705
tenofovir	Chemical	C096918
terbutaline	Chemical	D013726
Terbutaline	Chemical	D013726
terfenadine	Chemical	D016593
terodiline	Chemical	C010637
testosterone	Chemical	D013739
Testosterone	Chemical	D013739
testosterone heptylate	Chemical	C004648
tetanic	Disease	D013746
tetanus	Disease	D013746
tetany	Disease	D013746
TET	Chemical	C009438
tetrahydropyranyladriamycinol	Chemical	C027260
tetrandrine	Chemical	C009438
Tetrandrine	Chemical	C009438
TG	Disease	D007674
thalassemic	Disease	D013789
thalidomide	Chemical	D013792
Thalidomide	Chemical	D013792
thallium	Chemical	D013793
THC	Chemical	D013759
theophylline	Chemical	D013806
thiamine	Chemical	D013831
thiazide	Chemical	D049971
thienodiazepine	Chemical	C013295
thiobarbituric acid	Chemical	C029684
thiopentone	Chemical	D013874
Thiopentone	Chemical	D013874
thioperamide	Chemical	C052075
thiotepa	Chemical	D013852
thoracic aortic aneurysm	Disease	D017545
THP	Chemical	C052075
thrombi	Disease	D013927
thrombocytopenia	Disease	D013921
thromboembolic	Disease	D013923
thrombosis	Disease	D013927
thrombotic	Disease	D013927
thrombotic microangiopathy	Disease	D057049
Thrombotic microangiopathy	Disease	D057049
thrombotic thrombocytopenic purpura	Disease	D011697
thrombus	Disease	D013927
thymidine	Chemical	D013936
Thyroid disorders	Disease	D013959
thyrotoxicosis	Disease	D013971
thyroxine	Chemical	D013974
Thyroxine	Chemical	D013974
ticlopidine	Chemical	D013988
Ticlopidine	Chemical	D013988
timolol	Chemical	D013999
tincture of Crataegus	Chemical	C007145
Tincture of Crataegus	Chemical	C007145
tingling or burning sensations	Disease	D010292
tinnitus	Disease	D014012
tiredness	Disease	D005221
tissue damage	Disease	D017695
tissue injury	Disease	D017695
tizanidine	Chemical	C023754
TMA	Disease	D057049
TMP	Chemical	D014294
TNSs	Disease	D009422
tobramycin	Chemical	D014031
tobramycin sulfate	Chemical	D014031
tocopherols	Chemical	D024505
tonic-clonic seizures	Disease	D004830
tooth wear	Disease	D057085
topiramate	Chemical	C052342
Topiramate	Chemical	C052342
torsades de pointes	Disease	D016171
Torsades de pointes	Disease	D016171
toxic hepatitis	Disease	D056486
Toxic hepatitis	Disease	D056486
toxicities	Disease	D064420
toxicity	Disease	D064420
Toxicity	Disease	D064420
toxic neurodegenerative cascade	Disease	D009410
toxic neuropathy	Disease	D010523
toxic to the central nervous system	Disease	D002493
tranexamic acid	Chemical	D014148
Tranexamic acid	Chemical	D014148
transient hemiparesis	Disease	D010291
transient neurologic symptoms	Disease	D009422
Transient neurologic symptoms	Disease	D009422
transplant glomerulopathy	Disease	D007674
transverse limb deficiency	Disease	D017880
trauma	Disease	D014947
traumatic	Disease	D014947
tremor	Disease	D014202
Tremor	Disease	D014202
tremors	Disease	D014202
Trental	Chemical	D010431
triamcinolone	Chemical	D014221
triamcinolone diacetate	Chemical	C030262
triamterene	Chemical	D014223
Triamterene	Chemical	D014223
triazolam	Chemical	D014229
Triazolam	Chemical	D014229
triazolo	Chemical	D014229
TRI	Chemical	D014299
trifluoroacetyl	Chemical	D014269
Trifluoroacetyl	Chemical	D014269
trigeminal neuralgia	Disease	D014277
trihexyphenidyl	Chemical	D014282
trimethaphan	Chemical	D014294
trimipramine	Chemical	D014299
Trimipramine	Chemical	D014299
troleandomycin	Chemical	D014217
TRP	Chemical	D014364
tryptophan	Chemical	D014364
tuberculosis	Disease	D014376
tubular dysfunction	Disease	D005198
tubular necrosis	Disease	D007683
tumor	Disease	D009369
tumors	Disease	D009369
tumour	Disease	D009369
twitch	Disease	D013746
type II diabetes mellitus	Disease	D003924
tyrosine	Chemical	D014443
UDCA	Chemical	D014580
U-II	Chemical	D014579
ulcerative colitis	Disease	D003093
ulcer	Disease	D014456
ulcers	Disease	D014456
UM-272	Chemical	C002616
undifferentiated carcinoma	Disease	D002277
unstable angina	Disease	D000789
upper respiratory tract infection	Disease	D012141
urate	Chemical	D014527
urea	Chemical	D014508
uremia	Disease	D014511
ureteric cancer	Disease	D014516
urethane	Chemical	D014520
uric acid salts	Chemical	D014527
uridine diphosphate	Chemical	D014530
Urinary bladder cancer	Disease	D001749
urinary bladder retention	Disease	D001745
urinary incontinence	Disease	D014549
urinary tract infection	Disease	D014552
urotensin-II	Chemical	D014579
Urotensin-II	Chemical	D014579
urothelial cancer	Disease	D014523
ursodeoxycholic acid	Chemical	D014580
urticaria	Disease	D014581
urtication	Disease	D014581
valproate	Chemical	D014635
Valproate	Chemical	D014635
valproic acid	Chemical	D014635
Valproic acid	Chemical	D014635
valve regurgitation	Disease	D006349
Valvular heart abnormalities	Disease	D006349
valvular heart abnormality	Disease	D006349
valvular heart disease	Disease	D006349
Valvular heart disease	Disease	D006349
valvular regurgitation	Disease	D006349
vancomycin	Chemical	D014640
vanishing bile duct	Disease	D001649
vanishing bile duct syndrome	Disease	D001649
variant angina	Disease	D000788
vascular dysfunctions	Disease	D002561
vasculitis	Disease	D014657
vasopressin	Chemical	D014667
vasospasm	Disease	D020301
vecuronium bromide	Chemical	D014673
venlafaxine	Chemical	C047426
veno-occlusive disease of the liver	Disease	D006504
Veno-occlusive liver disease	Disease	D006504
venous congestion	Disease	D006940
venous thromboembolism	Disease	D054556
ventricular arrhythmias	Disease	D001145
ventricular ectopic beats	Disease	D018879
ventricular fibrillation	Disease	D014693
ventricular septal and midline defects	Disease	D006345
ventricular septal defect	Disease	D006345
ventricular septal (VSD) and midline (MD) defects	Disease	D006345
Ventricular tachyarrhythmias	Disease	D014693
ventricular tachycardia	Disease	D017180
ventricular tachycardias	Disease	D017180
verapamil	Chemical	D014700
Verapamil	Chemical	D014700
veratridine	Chemical	D014701
vertigo	Disease	D014717
VFD	Disease	D005128
vigabatrin	Chemical	D020888
Vigabatrin	Chemical	D020888
vinca alkaloid	Chemical	D014748
vincristin	Chemical	D014750
vincristine	Chemical	D014750
vinorelbine	Chemical	C030852
violent behavior	Disease	D001523
viral infection	Disease	D014777
viremia	Disease	D014766
Visual and auditory neurotoxicity	Disease	D014786
visual disturbance	Disease	D014786
visual field defects	Disease	D005128
visual hallucinations	Disease	D006212
Visual hallucinations	Disease	D006212
visual loss	Disease	D014786
visual or auditory toxicity	Disease	D014786
Visual toxicity	Disease	D014786
vitamin B12	Chemical	D014805
Vitamin B12	Chemical	D014805
vitamin B6	Chemical	D025101
vitamin D2	Chemical	D004872
vitamin D3	Chemical	D002762
Vitamin D3	Chemical	D002762
vitamin D	Chemical	D014807
vitamin E	Chemical	D014810
vitamin K	Chemical	D014812
VNB	Chemical	C030852
vocal fold palsy	Disease	D014826
Voltarol	Chemical	D004008
volume retention	Disease	D016055
vomiting	Disease	D014839
VPA	Chemical	D014635
VP	Chemical	D005047
VPU	Chemical	C108761
VTE	Disease	D054556
warfarin	Chemical	D014859
Warfarin	Chemical	D014859
weakness	Disease	D018908
weakness of extremities	Disease	D018908
Wegener's granulomatosis	Disease	D014890
weight gain	Disease	D015430
weight loss	Disease	D015431
wheezing	Disease	D012135
white matter abnormalities	Disease	D056784
white matter edema	Disease	D001929
Wilson's disease	Disease	D006527
Withdrawal-emergent rabbit syndrome	Disease	D013375
withdrawal-emergent RS	Disease	D013375
withdrawal symptoms	Disease	D013375
Wolff-Parkinson-White syndrome	Disease	D014927
WPW syndrome	Disease	D014927
WR242511	Chemical	C068820
WR-2721	Chemical	D004999
xanthine	Chemical	D019820
xenon	Chemical	D014978
xerostomia	Disease	D014987
Ximelagatran	Chemical	C426686
yohimbine	Chemical	D015016
ZDV	Chemical	D015215
zidovudine	Chemical	D015215
Zollinger-Ellison syndrome	Disease	D015043
zonisamide	Chemical	C022189
Zonisamide	Chemical	C022189
zopiclone	Chemical	C515050
Zyban	Chemical	D016642
